id,company,industry,score,brief,signal,contactName,contactRole,phone,email,sourceLabel,sourceUrl,dealValue,days,fullBrief,training,fitNote,levySignal,sizeTier,accessNote,priorityTier,addedBy,sizeEvidence,levyEvidence,qualificationStatus,companyDescription,companyDescriptionSourceUrl,contactLinkedIn,contactEvidenceStatus,phoneType,phoneSourceUrl,contactProfileStatus,contactRouteNote
4c85a64287eb2193,Ace Solutions Training & Consultancy PLT,"Corporate training and consultancy (soft skills, technical, safety, teambuilding)",0,"Penang-based training provider offering soft skills, technical and safety training, with a specialty in teambuilding programs.",SME size and business contact reviewed; no buying intent confirmed.,,general business enquiries,+60174981282,ace@acesolutions.com.my,Public-source SME review,https://www.linkedin.com/company/ace-solutions-tc,,0,"Penang-based training provider offering soft skills, technical and safety training, with a specialty in teambuilding programs. Potential freelance trainer partnership; ask whether they engage external trainers for communication, writing, problem solving or workplace AI. Self-reported SME-size range and published business contact. Not an official SME certification or a confirmed buyer.",Communication Skills; Professional Business Writing; Critical Thinking and Problem Solving; AI Tools for Workplace Productivity,"Potential freelance trainer partnership; ask whether they engage external trainers for communication, writing, problem solving or workplace AI.",unclear,SME,Direct introductory outreach or trainer-partner discussion. Confirm any HRD claim requirements only if requested.,top,Scout public-source verification,Company-owned LinkedIn profile reports 2-10 employees. Self-reported public evidence; current headcount and formal SME status are not independently certified.,,SME screened from public sources — HRD Corp optional,"Penang-based training provider offering soft skills, technical and safety training, with a specialty in teambuilding programs.",https://www.linkedin.com/company/ace-solutions-tc,,No reliable public person profile found.,Published business phone; not verified as this person’s direct number.,https://acesolutions.com.my/contact-us/,not_found,LinkedIn identifies a potential company contact; email and phone are published business routes and may reach a different employee. Confirm the appropriate decision maker and current role.
800dca821a82af06,ArcNet Training & Development Sdn Bhd,IT and soft skills training provider; computer lab rental,0,"Kuala Lumpur-based training provider offering a wide range of IT and soft skills courses, plus computer lab space rental for business clients.",SME size and business contact reviewed; no buying intent confirmed.,Syakila Sapiae,Employee,+60321711668,info@arcnettraining.com,Public-source SME review,https://www.linkedin.com/company/arcnethq,,0,"Kuala Lumpur-based training provider offering a wide range of IT and soft skills courses, plus computer lab space rental for business clients. Potential freelance trainer partnership; ask whether they engage external trainers for communication, writing, problem solving or workplace AI. Self-reported SME-size range and published business contact. Not an official SME certification or a confirmed buyer.",Communication Skills; Professional Business Writing; Critical Thinking and Problem Solving; AI Tools for Workplace Productivity,"Potential freelance trainer partnership; ask whether they engage external trainers for communication, writing, problem solving or workplace AI.",unclear,SME,Direct introductory outreach or trainer-partner discussion. Confirm any HRD claim requirements only if requested.,top,Scout public-source verification,Company-owned LinkedIn profile reports 11-50 employees. Self-reported public evidence; current headcount and formal SME status are not independently certified.,,SME screened from public sources — HRD Corp optional,"Kuala Lumpur-based training provider offering a wide range of IT and soft skills courses, plus computer lab space rental for business clients.",https://www.linkedin.com/company/arcnethq,https://my.linkedin.com/in/syakila-sapiae-802025159,Potential business contact matched from public LinkedIn search results. Profile role and current employment need confirmation.,Published business phone; not verified as this person’s direct number.,https://www.arcnettraining.com/,public_search_match,LinkedIn identifies a potential company contact; email and phone are published business routes and may reach a different employee. Confirm the appropriate decision maker and current role.
39ef65390eb3ac42,ATTUNE® Consultants,"Learning and development, AI and digital transformation training",0,"Malaysia-based learning and development firm specializing in AI and digital transformation, leadership development and professional certification programs.",SME size and business contact reviewed; no buying intent confirmed.,Mayuran Ramayah,Employee,+60175981003,ask-us@attuneconsultants.com,Public-source SME review,https://www.linkedin.com/company/attune-consultants,,0,"Malaysia-based learning and development firm specializing in AI and digital transformation, leadership development and professional certification programs. Potential freelance trainer partnership; ask whether they engage external trainers for communication, writing, problem solving or workplace AI. Self-reported SME-size range and published business contact. Not an official SME certification or a confirmed buyer.",Communication Skills; Professional Business Writing; Critical Thinking and Problem Solving; AI Tools for Workplace Productivity,"Potential freelance trainer partnership; ask whether they engage external trainers for communication, writing, problem solving or workplace AI.",unclear,SME,Direct introductory outreach or trainer-partner discussion. Confirm any HRD claim requirements only if requested.,top,Scout public-source verification,Company-owned LinkedIn profile reports 2-10 employees. Self-reported public evidence; current headcount and formal SME status are not independently certified.,,SME screened from public sources — HRD Corp optional,"Malaysia-based learning and development firm specializing in AI and digital transformation, leadership development and professional certification programs.",https://www.linkedin.com/company/attune-consultants,https://my.linkedin.com/in/mayuran-ramayah-742560b,Potential business contact matched from public LinkedIn search results. Profile role and current employment need confirmation.,Published business phone; not verified as this person’s direct number.,https://www.attuneconsultants.com/,public_search_match,LinkedIn identifies a potential company contact; email and phone are published business routes and may reach a different employee. Confirm the appropriate decision maker and current role.
5e50483f4d56fe78,BETC SKILLS ACADEMY SDN BHD,HRDF Class A training provider specializing in logistics and warehouse skills,0,"Provides training for organisations and individuals, specialising in logistics and warehouse skills.",SME size and business contact reviewed; no buying intent confirmed.,Maithly Selgan,Employee,+6073391365,info@betc.edu.my,Public-source SME review,https://www.linkedin.com/company/betc-skills-academy-sdn-bhd,,0,"Provides training for organisations and individuals, specialising in logistics and warehouse skills. Potential freelance trainer partnership; ask whether they engage external trainers for communication, writing, problem solving or workplace AI. Self-reported SME-size range and published business contact. Not an official SME certification or a confirmed buyer.",Communication Skills; Professional Business Writing; Critical Thinking and Problem Solving; AI Tools for Workplace Productivity,"Potential freelance trainer partnership; ask whether they engage external trainers for communication, writing, problem solving or workplace AI.",unclear,SME,Direct introductory outreach or trainer-partner discussion. Confirm any HRD claim requirements only if requested.,top,Scout public-source verification,Company-owned LinkedIn profile reports 2-10 employees. Self-reported public evidence; current headcount and formal SME status are not independently certified.,,SME screened from public sources — HRD Corp optional,"Provides training for organisations and individuals, specialising in logistics and warehouse skills.",https://www.linkedin.com/company/betc-skills-academy-sdn-bhd,https://my.linkedin.com/in/maithly-selgan-a11a081b6,Potential business contact matched from public LinkedIn search results. Profile role and current employment need confirmation.,Published business phone; not verified as this person’s direct number.,https://www.betc.edu.my/contact-register/,public_search_match,LinkedIn identifies a potential company contact; email and phone are published business routes and may reach a different employee. Confirm the appropriate decision maker and current role.
d192dec6867031e5,CT Event Asia,"Business conferences, workshops and corporate training",0,"Organizes business conferences, advanced training and networking opportunities, providing clients platforms to improve their marketplace position.",SME size and business contact reviewed; no buying intent confirmed.,Wan Atikah,Employee (recruitment/hiring),+60327107756,,Public-source SME review,https://www.linkedin.com/company/ct-event-asia/,,0,"Organizes business conferences, advanced training and networking opportunities, providing clients platforms to improve their marketplace position. Potential freelance trainer partnership; ask whether they engage external trainers for communication, writing, problem solving or workplace AI. Self-reported SME-size range and published business contact. Not an official SME certification or a confirmed buyer.",Communication Skills; Professional Business Writing; Critical Thinking and Problem Solving; AI Tools for Workplace Productivity,"Potential freelance trainer partnership; ask whether they engage external trainers for communication, writing, problem solving or workplace AI.",unclear,SME,Direct introductory outreach or trainer-partner discussion. Confirm any HRD claim requirements only if requested.,top,Scout public-source verification,Company-owned LinkedIn profile reports 11-50 employees. Self-reported public evidence; current headcount and formal SME status are not independently certified.,,SME screened from public sources — HRD Corp optional,"Organizes business conferences, advanced training and networking opportunities, providing clients platforms to improve their marketplace position.",https://www.linkedin.com/company/ct-event-asia/,https://my.linkedin.com/in/wan-atikah-116011368,Potential business contact matched from public LinkedIn search results. Profile role and current employment need confirmation.,Published business phone; not verified as this person’s direct number.,https://cteventasia.com/,public_search_match,LinkedIn identifies a potential company contact; email and phone are published business routes and may reach a different employee. Confirm the appropriate decision maker and current role.
18079151a6a9705e,Eco Essential Technologies (M),Corporate training provider,0,Penang-based training provider specializing in custom corporate training programmes designed around real business needs and delivered by experienced industry trainers.,SME size and business contact reviewed; no buying intent confirmed.,,Published business enquiries,+60125673269,jeydenzhng@ecoessentialtechnologies.com,Public-source SME review,https://www.linkedin.com/company/eco-essential-technologies-m,,0,"Penang-based training provider specializing in custom corporate training programmes designed around real business needs and delivered by experienced industry trainers. Potential freelance trainer partnership; ask whether they engage external trainers for communication, writing, problem solving or workplace AI. Self-reported SME-size range and published business contact. Not an official SME certification or a confirmed buyer.",Communication Skills; Professional Business Writing; Critical Thinking and Problem Solving; AI Tools for Workplace Productivity,"Potential freelance trainer partnership; ask whether they engage external trainers for communication, writing, problem solving or workplace AI.",unclear,SME,Direct introductory outreach or trainer-partner discussion. Confirm any HRD claim requirements only if requested.,top,Scout public-source verification,Company-owned LinkedIn profile reports 2-10 employees. Self-reported public evidence; current headcount and formal SME status are not independently certified.,,SME screened from public sources — HRD Corp optional,Penang-based training provider specializing in custom corporate training programmes designed around real business needs and delivered by experienced industry trainers.,https://www.linkedin.com/company/eco-essential-technologies-m,,No reliable public person profile found.,Published business phone; not verified as this person’s direct number.,https://www.ecoessentialtechnologies.com/,not_found,LinkedIn identifies a potential company contact; email and phone are published business routes and may reach a different employee. Confirm the appropriate decision maker and current role.
7d71f6dfb7428134,Exalt Training & Consultancy Sdn Bhd,"HRDF-certified training, ISO consultancy and audit services",0,"Provides innovative training programmes plus comprehensive consultancy and audit services for manufacturing, hotels, airports, IT, logistics and other industries.",SME size and business contact reviewed; no buying intent confirmed.,,general business enquiries,+6073640199,enquiry@exalt.com.my,Public-source SME review,https://www.linkedin.com/company/exalt-training-consultancy-sdn-bhd,,0,"Provides innovative training programmes plus comprehensive consultancy and audit services for manufacturing, hotels, airports, IT, logistics and other industries. Potential freelance trainer partnership; ask whether they engage external trainers for communication, writing, problem solving or workplace AI. Self-reported SME-size range and published business contact. Not an official SME certification or a confirmed buyer.",Communication Skills; Professional Business Writing; Critical Thinking and Problem Solving; AI Tools for Workplace Productivity,"Potential freelance trainer partnership; ask whether they engage external trainers for communication, writing, problem solving or workplace AI.",unclear,SME,Direct introductory outreach or trainer-partner discussion. Confirm any HRD claim requirements only if requested.,top,Scout public-source verification,Company-owned LinkedIn profile reports 2-10 employees. Self-reported public evidence; current headcount and formal SME status are not independently certified.,,SME screened from public sources — HRD Corp optional,"Provides innovative training programmes plus comprehensive consultancy and audit services for manufacturing, hotels, airports, IT, logistics and other industries.",https://www.linkedin.com/company/exalt-training-consultancy-sdn-bhd,,No reliable public person profile found.,Published business phone; not verified as this person’s direct number.,https://www.exalt.com.my/contactUs,not_found,LinkedIn identifies a potential company contact; email and phone are published business routes and may reach a different employee. Confirm the appropriate decision maker and current role.
9671eab9224a5428,Experiential Business Learning Malaysia,Experiential corporate training,0,"Social enterprise offering experiential business excellence learning in governance, finance and business performance management to develop Malaysian business talent.",SME size and business contact reviewed; no buying intent confirmed.,"Suresh Kumar Puspowanam, PMP",Business Manager,+60123130631,suresh@eblm.com.my,Public-source SME review,https://www.linkedin.com/company/experiential-business-learning-malaysia/,,0,"Social enterprise offering experiential business excellence learning in governance, finance and business performance management to develop Malaysian business talent. Potential freelance trainer partnership; ask whether they engage external trainers for communication, writing, problem solving or workplace AI. Self-reported SME-size range and published business contact. Not an official SME certification or a confirmed buyer.",Communication Skills; Professional Business Writing; Critical Thinking and Problem Solving; AI Tools for Workplace Productivity,"Potential freelance trainer partnership; ask whether they engage external trainers for communication, writing, problem solving or workplace AI.",unclear,SME,Direct introductory outreach or trainer-partner discussion. Confirm any HRD claim requirements only if requested.,top,Scout public-source verification,Company-owned LinkedIn profile reports 2-10 employees. Self-reported public evidence; current headcount and formal SME status are not independently certified.,,SME screened from public sources — HRD Corp optional,"Social enterprise offering experiential business excellence learning in governance, finance and business performance management to develop Malaysian business talent.",https://www.linkedin.com/company/experiential-business-learning-malaysia/,https://my.linkedin.com/in/suresh-kumar-puspowanam-pmp-537b542a,Potential business contact matched from public LinkedIn search results. Profile role and current employment need confirmation.,Published business phone; not verified as this person’s direct number.,https://eblm.com.my/,public_search_match,LinkedIn identifies a potential company contact; email and phone are published business routes and may reach a different employee. Confirm the appropriate decision maker and current role.
0c2f20a646ea92bc,iDEA LCO CONSULTING SDN BHD,Corporate training and consultancy,0,"Provides training, consulting and coaching covering technical skills, soft skills, customer service, sales, leadership, team building and personal consultation.",SME size and business contact reviewed; no buying intent confirmed.,Charzlene Ong,Trainer/Employee,+601112782316,charzleneong@idealcoconsulting.com,Public-source SME review,https://www.linkedin.com/company/idea-lco-consulting-sdn-bhd,,0,"Provides training, consulting and coaching covering technical skills, soft skills, customer service, sales, leadership, team building and personal consultation. Potential freelance trainer partnership; ask whether they engage external trainers for communication, writing, problem solving or workplace AI. Self-reported SME-size range and published business contact. Not an official SME certification or a confirmed buyer.",Communication Skills; Professional Business Writing; Critical Thinking and Problem Solving; AI Tools for Workplace Productivity,"Potential freelance trainer partnership; ask whether they engage external trainers for communication, writing, problem solving or workplace AI.",unclear,SME,Direct introductory outreach or trainer-partner discussion. Confirm any HRD claim requirements only if requested.,top,Scout public-source verification,Company-owned LinkedIn profile reports 2-10 employees. Self-reported public evidence; current headcount and formal SME status are not independently certified.,,SME screened from public sources — HRD Corp optional,"Provides training, consulting and coaching covering technical skills, soft skills, customer service, sales, leadership, team building and personal consultation.",https://www.linkedin.com/company/idea-lco-consulting-sdn-bhd,https://my.linkedin.com/in/charzleneong,Potential business contact matched from public LinkedIn search results. Profile role and current employment need confirmation.,Published business phone; not verified as this person’s direct number.,https://idealcoconsulting.com/,public_search_match,LinkedIn identifies a potential company contact; email and phone are published business routes and may reach a different employee. Confirm the appropriate decision maker and current role.
fd159e62665246b6,Mango Training and Consultancy Sdn Bhd,Language and soft skills corporate training,0,Kuala Lumpur consultancy providing needs-based language and soft skills training across Malaysia and Southeast Asia since 2011.,SME size and business contact reviewed; no buying intent confirmed.,Mark Thompson,Trainer/Consultant,+60364191828,info@mangotraining.com,Public-source SME review,https://www.linkedin.com/company/mango-training-and-consultancy-sdn-bhd,,0,"Kuala Lumpur consultancy providing needs-based language and soft skills training across Malaysia and Southeast Asia since 2011. Potential freelance trainer partnership; ask whether they engage external trainers for communication, writing, problem solving or workplace AI. Self-reported SME-size range and published business contact. Not an official SME certification or a confirmed buyer.",Communication Skills; Professional Business Writing; Critical Thinking and Problem Solving; AI Tools for Workplace Productivity,"Potential freelance trainer partnership; ask whether they engage external trainers for communication, writing, problem solving or workplace AI.",unclear,SME,Direct introductory outreach or trainer-partner discussion. Confirm any HRD claim requirements only if requested.,top,Scout public-source verification,Company-owned LinkedIn profile reports 2-10 employees. Self-reported public evidence; current headcount and formal SME status are not independently certified.,,SME screened from public sources — HRD Corp optional,Kuala Lumpur consultancy providing needs-based language and soft skills training across Malaysia and Southeast Asia since 2011.,https://www.linkedin.com/company/mango-training-and-consultancy-sdn-bhd,https://my.linkedin.com/in/marktraining,Potential business contact matched from public LinkedIn search results. Profile role and current employment need confirmation.,Published business phone; not verified as this person’s direct number.,https://www.mangotraining.com/contact-us,public_search_match,LinkedIn identifies a potential company contact; email and phone are published business routes and may reach a different employee. Confirm the appropriate decision maker and current role.
7fe0562fd33386e5,MMT UNIVERSAL ACADEMY SDN BHD,In-house corporate training and development,0,"Offers in-house corporate training solutions focused on performance, productivity and accountability, delivered by career trainers and field experts.",SME size and business contact reviewed; no buying intent confirmed.,Linia Anirudhan,Employee,+60321499257,,Public-source SME review,https://www.linkedin.com/company/mmt-universal-academy,,0,"Offers in-house corporate training solutions focused on performance, productivity and accountability, delivered by career trainers and field experts. Potential freelance trainer partnership; ask whether they engage external trainers for communication, writing, problem solving or workplace AI. Self-reported SME-size range and published business contact. Not an official SME certification or a confirmed buyer.",Communication Skills; Professional Business Writing; Critical Thinking and Problem Solving; AI Tools for Workplace Productivity,"Potential freelance trainer partnership; ask whether they engage external trainers for communication, writing, problem solving or workplace AI.",unclear,SME,Direct introductory outreach or trainer-partner discussion. Confirm any HRD claim requirements only if requested.,top,Scout public-source verification,Company-owned LinkedIn profile reports 11-50 employees. Self-reported public evidence; current headcount and formal SME status are not independently certified.,,SME screened from public sources — HRD Corp optional,"Offers in-house corporate training solutions focused on performance, productivity and accountability, delivered by career trainers and field experts.",https://www.linkedin.com/company/mmt-universal-academy,https://my.linkedin.com/in/linia-anirudhan-b5b895187,Potential business contact matched from public LinkedIn search results. Profile role and current employment need confirmation.,Published business phone; not verified as this person’s direct number.,https://mmt.my/contact-us/,public_search_match,LinkedIn identifies a potential company contact; email and phone are published business routes and may reach a different employee. Confirm the appropriate decision maker and current role.
fecf420b155980f9,MRS Management Sdn Bhd (MRS Training Provider),Corporate training and consultancy,0,"Provides corporate training, management development and team-building programmes for organisations in Malaysia.",SME size and business contact reviewed; no buying intent confirmed.,Robin Teo,Employee,+60321165961,,Public-source SME review,https://www.linkedin.com/company/mrstraining,,0,"Provides corporate training, management development and team-building programmes for organisations in Malaysia. Potential freelance trainer partnership; ask whether they engage external trainers for communication, writing, problem solving or workplace AI. Self-reported SME-size range and published business contact. Not an official SME certification or a confirmed buyer.",Communication Skills; Professional Business Writing; Critical Thinking and Problem Solving; AI Tools for Workplace Productivity,"Potential freelance trainer partnership; ask whether they engage external trainers for communication, writing, problem solving or workplace AI.",unclear,SME,Direct introductory outreach or trainer-partner discussion. Confirm any HRD claim requirements only if requested.,top,Scout public-source verification,Company-owned LinkedIn profile reports 11-50 employees. Self-reported public evidence; current headcount and formal SME status are not independently certified.,,SME screened from public sources — HRD Corp optional,"Provides corporate training, management development and team-building programmes for organisations in Malaysia.",https://www.linkedin.com/company/mrstraining,https://my.linkedin.com/in/robinteomrs,Potential business contact matched from public LinkedIn search results. Profile role and current employment need confirmation.,Published business phone; not verified as this person’s direct number.,https://www.trainingprovider.org/about-us/contact-us/,public_search_match,LinkedIn identifies a potential company contact; email and phone are published business routes and may reach a different employee. Confirm the appropriate decision maker and current role.
adadbb93932760d9,RUN Solution Biz Sdn Bhd l Team Building l HRDF Training Provider,Large-scale corporate team building and HRD Corp claimable training,0,"Johor-based provider of corporate team building, leadership training and communication workshops, customized to align talent with company goals.",SME size and business contact reviewed; no buying intent confirmed.,Chua Geok Yin,Trainer,+60107607087,info@runsolution.my,Public-source SME review,https://www.linkedin.com/company/run-solution,,0,"Johor-based provider of corporate team building, leadership training and communication workshops, customized to align talent with company goals. Potential freelance trainer partnership; ask whether they engage external trainers for communication, writing, problem solving or workplace AI. Self-reported SME-size range and published business contact. Not an official SME certification or a confirmed buyer.",Communication Skills; Professional Business Writing; Critical Thinking and Problem Solving; AI Tools for Workplace Productivity,"Potential freelance trainer partnership; ask whether they engage external trainers for communication, writing, problem solving or workplace AI.",unclear,SME,Direct introductory outreach or trainer-partner discussion. Confirm any HRD claim requirements only if requested.,top,Scout public-source verification,Company-owned LinkedIn profile reports 11-50 employees. Self-reported public evidence; current headcount and formal SME status are not independently certified.,,SME screened from public sources — HRD Corp optional,"Johor-based provider of corporate team building, leadership training and communication workshops, customized to align talent with company goals.",https://www.linkedin.com/company/run-solution,https://my.linkedin.com/in/chuageokyin,Potential business contact matched from public LinkedIn search results. Profile role and current employment need confirmation.,Published business phone; not verified as this person’s direct number.,https://www.teambuildingjohor.com/#contact,public_search_match,LinkedIn identifies a potential company contact; email and phone are published business routes and may reach a different employee. Confirm the appropriate decision maker and current role.
7102023acc764430,SEMARAK Training,"Energy industry training provider (oil & gas, HSE, digital transformation)",0,"Provides over 150 professional courses for energy industry professionals across oil & gas, energy transition, business, HSE and digital transformation.",SME size and business contact reviewed; no buying intent confirmed.,Faiz Latip,Founder & CEO,+60321814585,ask@semaraksolutions.com,Public-source SME review,https://www.linkedin.com/company/semaraktraining,,0,"Provides over 150 professional courses for energy industry professionals across oil & gas, energy transition, business, HSE and digital transformation. Potential freelance trainer partnership; ask whether they engage external trainers for communication, writing, problem solving or workplace AI. Self-reported SME-size range and published business contact. Not an official SME certification or a confirmed buyer.",Communication Skills; Professional Business Writing; Critical Thinking and Problem Solving; AI Tools for Workplace Productivity,"Potential freelance trainer partnership; ask whether they engage external trainers for communication, writing, problem solving or workplace AI.",unclear,SME,Direct introductory outreach or trainer-partner discussion. Confirm any HRD claim requirements only if requested.,top,Scout public-source verification,Company-owned LinkedIn profile reports 11-50 employees. Self-reported public evidence; current headcount and formal SME status are not independently certified.,,SME screened from public sources — HRD Corp optional,"Provides over 150 professional courses for energy industry professionals across oil & gas, energy transition, business, HSE and digital transformation.",https://www.linkedin.com/company/semaraktraining,https://my.linkedin.com/in/faiz-latip-44a50555,Potential business contact matched from public LinkedIn search results. Profile role and current employment need confirmation.,Published business phone; not verified as this person’s direct number.,https://semaraktraining.com/,public_search_match,LinkedIn identifies a potential company contact; email and phone are published business routes and may reach a different employee. Confirm the appropriate decision maker and current role.
e26be4cc29bf223c,Speakright Consultancy Sdn Bhd,Workplace communication and presentation training,0,"Offers workplace speaking, communication and presentation training programmes, partnering with other training companies since 2006.",SME size and business contact reviewed; no buying intent confirmed.,Michael Xavier,Consultant — public profile,+60174754677,mikexv@speakright.my,Public-source SME review,https://www.linkedin.com/company/speakright-consultancy-sdn-bhd,,0,"Offers workplace speaking, communication and presentation training programmes, partnering with other training companies since 2006. Potential freelance trainer partnership; ask whether they engage external trainers for communication, writing, problem solving or workplace AI. Self-reported SME-size range and published business contact. Not an official SME certification or a confirmed buyer.",Communication Skills; Professional Business Writing; Critical Thinking and Problem Solving; AI Tools for Workplace Productivity,"Potential freelance trainer partnership; ask whether they engage external trainers for communication, writing, problem solving or workplace AI.",unclear,SME,Direct introductory outreach or trainer-partner discussion. Confirm any HRD claim requirements only if requested.,top,Scout public-source verification,Company-owned LinkedIn profile reports 2-10 employees. Self-reported public evidence; current headcount and formal SME status are not independently certified.,,SME screened from public sources — HRD Corp optional,"Offers workplace speaking, communication and presentation training programmes, partnering with other training companies since 2006.",https://www.linkedin.com/company/speakright-consultancy-sdn-bhd,https://my.linkedin.com/in/michael-xavier-9355a05,Potential business contact matched from public LinkedIn search results. Profile role and current employment need confirmation.,Published SpeakRight business contact in Penang meeting-planners guide 2025–26.,https://www.pceb.my/wp-content/uploads/2025/07/Meeting_Planners_Guide_2025-26-v2.pdf#page=184,public_search_match,SpeakRight contact published in Penang meeting-planners guide 2025–26; verify the current route before outreach.
5a7d820246f68aca,UpSkillingMinds Sdn Bhd,Corporate soft skills and digital skills training,0,"Provides blended soft skills and digital skills training, with over 100 designed programmes delivered by a network of more than 100 trainers.",SME size and business contact reviewed; no buying intent confirmed.,Kajamugan Jeyananthan,Trainer,+60125689910,enquiries@upskillingminds.com,Public-source SME review,https://www.linkedin.com/company/upskilingminds/,,0,"Provides blended soft skills and digital skills training, with over 100 designed programmes delivered by a network of more than 100 trainers. Potential freelance trainer partnership; ask whether they engage external trainers for communication, writing, problem solving or workplace AI. Self-reported SME-size range and published business contact. Not an official SME certification or a confirmed buyer.",Communication Skills; Professional Business Writing; Critical Thinking and Problem Solving; AI Tools for Workplace Productivity,"Potential freelance trainer partnership; ask whether they engage external trainers for communication, writing, problem solving or workplace AI.",unclear,SME,Direct introductory outreach or trainer-partner discussion. Confirm any HRD claim requirements only if requested.,top,Scout public-source verification,Company-owned LinkedIn profile reports 11-50 employees. Self-reported public evidence; current headcount and formal SME status are not independently certified.,,SME screened from public sources — HRD Corp optional,"Provides blended soft skills and digital skills training, with over 100 designed programmes delivered by a network of more than 100 trainers.",https://www.linkedin.com/company/upskilingminds/,https://my.linkedin.com/in/kajamugan-jeyananthan,Potential business contact matched from public LinkedIn search results. Profile role and current employment need confirmation.,Published business phone; not verified as this person’s direct number.,https://upskilltraining.com.my/contact-us/,public_search_match,LinkedIn identifies a potential company contact; email and phone are published business routes and may reach a different employee. Confirm the appropriate decision maker and current role.
84e73d382201b39e,Vspire Academy,Corporate training and consultancy,0,Provides executive education and corporate training programmes for professional skill development.,SME size and business contact reviewed; no buying intent confirmed.,Jason Wong Shen Fui,Trainer,+60166622616,training@vspireacademy.com,Public-source SME review,https://www.linkedin.com/company/vspireacademy,,0,"Provides executive education and corporate training programmes for professional skill development. Potential freelance trainer partnership; ask whether they engage external trainers for communication, writing, problem solving or workplace AI. Self-reported SME-size range and published business contact. Not an official SME certification or a confirmed buyer.",Communication Skills; Professional Business Writing; Critical Thinking and Problem Solving; AI Tools for Workplace Productivity,"Potential freelance trainer partnership; ask whether they engage external trainers for communication, writing, problem solving or workplace AI.",unclear,SME,Direct introductory outreach or trainer-partner discussion. Confirm any HRD claim requirements only if requested.,top,Scout public-source verification,Company-owned LinkedIn profile reports 2-10 employees. Self-reported public evidence; current headcount and formal SME status are not independently certified.,,SME screened from public sources — HRD Corp optional,Provides executive education and corporate training programmes for professional skill development.,https://www.linkedin.com/company/vspireacademy,https://my.linkedin.com/in/jason-wong-shen-fui-a752253b4,Potential business contact matched from public LinkedIn search results. Profile role and current employment need confirmation.,Published business phone; not verified as this person’s direct number.,https://www.vspireacademy.com/,public_search_match,LinkedIn identifies a potential company contact; email and phone are published business routes and may reach a different employee. Confirm the appropriate decision maker and current role.
b9c7e736e5168707,3novex Global,"B2B conferences, executive summits and market research",0,Malaysian and UAE-based B2B conference and market research organizer connecting tech companies with potential customers through focused-industry events.,SME size and business contact reviewed; no buying intent confirmed.,Nadiya Jailani,Employee (role not stated),+60327060160,info@3novex.com,Public-source SME review,https://www.linkedin.com/company/3novex-global/,,0,"Malaysian and UAE-based B2B conference and market research organizer connecting tech companies with potential customers through focused-industry events. Suggested introductory discussion about staff communication, writing, problem solving or workplace AI. Training needs have not been confirmed. Self-reported SME-size range and published business contact. Not an official SME certification or a confirmed buyer.",Communication Skills; Professional Business Writing; Critical Thinking and Problem Solving; AI Tools for Workplace Productivity,"Suggested introductory discussion about staff communication, writing, problem solving or workplace AI. Training needs have not been confirmed.",unclear,SME,Direct introductory outreach or trainer-partner discussion. Confirm any HRD claim requirements only if requested.,top,Scout public-source verification,Company-owned LinkedIn profile reports 11-50 employees. Self-reported public evidence; current headcount and formal SME status are not independently certified.,,SME screened from public sources — HRD Corp optional,Malaysian and UAE-based B2B conference and market research organizer connecting tech companies with potential customers through focused-industry events.,https://www.linkedin.com/company/3novex-global/,https://my.linkedin.com/in/nadiya-jailani-125472139,Potential business contact matched from public LinkedIn search results. Profile role and current employment need confirmation.,Published business phone; not verified as this person’s direct number.,https://www.3novex.com/contact-us,public_search_match,LinkedIn identifies a potential company contact; email and phone are published business routes and may reach a different employee. Confirm the appropriate decision maker and current role.
dd0295c2adddb278,Adl Advisory,"Shariah advisory, audit and Islamic finance training",0,"Malaysia-based global Shariah advisory firm providing consultancy, audits, Shariah board services and AAOIFI-certified training.",SME size and business contact reviewed; no buying intent confirmed.,Dr (Mufti) Yousuf Sultan,Founder & CEO,+601165611756,,Public-source SME review,https://www.linkedin.com/company/adl-advisory/,,0,"Malaysia-based global Shariah advisory firm providing consultancy, audits, Shariah board services and AAOIFI-certified training. Suggested introductory discussion about staff communication, writing, problem solving or workplace AI. Training needs have not been confirmed. Self-reported SME-size range and published business contact. Not an official SME certification or a confirmed buyer.",Communication Skills; Professional Business Writing; Critical Thinking and Problem Solving; AI Tools for Workplace Productivity,"Suggested introductory discussion about staff communication, writing, problem solving or workplace AI. Training needs have not been confirmed.",unclear,SME,Direct introductory outreach or trainer-partner discussion. Confirm any HRD claim requirements only if requested.,top,Scout public-source verification,Company-owned LinkedIn profile reports 11-50 employees. Self-reported public evidence; current headcount and formal SME status are not independently certified.,,SME screened from public sources — HRD Corp optional,"Malaysia-based global Shariah advisory firm providing consultancy, audits, Shariah board services and AAOIFI-certified training.",https://www.linkedin.com/company/adl-advisory/,https://my.linkedin.com/in/yousufsultan,Potential business contact matched from public LinkedIn search results. Profile role and current employment need confirmation.,Published business phone; not verified as this person’s direct number.,https://adladvisory.co/contact/,public_search_match,LinkedIn identifies a potential company contact; email and phone are published business routes and may reach a different employee. Confirm the appropriate decision maker and current role.
cb757afae08413f6,Agensi Pekerjaan Eternity Sdn Bhd,Recruitment and executive search,0,"Recruitment agency and strategic talent consultancy placing candidates from entry level to C-suite across manufacturing, engineering, technology, sales and finance.",SME size and business contact reviewed; no buying intent confirmed.,Jason Smith,Recruiter,+60330057814,info@eternity-recruitment.com,Public-source SME review,https://www.linkedin.com/company/eternity-recruitment/,,0,"Recruitment agency and strategic talent consultancy placing candidates from entry level to C-suite across manufacturing, engineering, technology, sales and finance. Suggested introductory discussion about staff communication, writing, problem solving or workplace AI. Training needs have not been confirmed. Self-reported SME-size range and published business contact. Not an official SME certification or a confirmed buyer.",Communication Skills; Professional Business Writing; Critical Thinking and Problem Solving; AI Tools for Workplace Productivity,"Suggested introductory discussion about staff communication, writing, problem solving or workplace AI. Training needs have not been confirmed.",unclear,SME,Direct introductory outreach or trainer-partner discussion. Confirm any HRD claim requirements only if requested.,top,Scout public-source verification,Company-owned LinkedIn profile reports 11-50 employees. Self-reported public evidence; current headcount and formal SME status are not independently certified.,,SME screened from public sources — HRD Corp optional,"Recruitment agency and strategic talent consultancy placing candidates from entry level to C-suite across manufacturing, engineering, technology, sales and finance.",https://www.linkedin.com/company/eternity-recruitment/,https://my.linkedin.com/in/jason-smith-1135252b8,Potential business contact matched from public LinkedIn search results. Profile role and current employment need confirmation.,Published business phone; not verified as this person’s direct number.,https://eternity-recruitment.com/,public_search_match,LinkedIn identifies a potential company contact; email and phone are published business routes and may reach a different employee. Confirm the appropriate decision maker and current role.
a85ed0a111662eef,AGTC Genomics,Genomics / Next-Generation Sequencing diagnostics and research services,0,Advanced genomics technology center offering high-throughput next-generation sequencing services supporting precision medicine research and cancer diagnostics.,SME size and business contact reviewed; no buying intent confirmed.,Kok Sin,Vice President of Business Development,+60380808285,info@agtcgenomics.com,Public-source SME review,https://www.linkedin.com/company/agtc-genomics/,,0,"Advanced genomics technology center offering high-throughput next-generation sequencing services supporting precision medicine research and cancer diagnostics. Suggested introductory discussion about staff communication, writing, problem solving or workplace AI. Training needs have not been confirmed. Self-reported SME-size range and published business contact. Not an official SME certification or a confirmed buyer.",Communication Skills; Professional Business Writing; Critical Thinking and Problem Solving; AI Tools for Workplace Productivity,"Suggested introductory discussion about staff communication, writing, problem solving or workplace AI. Training needs have not been confirmed.",unclear,SME,Direct introductory outreach or trainer-partner discussion. Confirm any HRD claim requirements only if requested.,top,Scout public-source verification,Company-owned LinkedIn profile reports 11-50 employees. Self-reported public evidence; current headcount and formal SME status are not independently certified.,,SME screened from public sources — HRD Corp optional,Advanced genomics technology center offering high-throughput next-generation sequencing services supporting precision medicine research and cancer diagnostics.,https://www.linkedin.com/company/agtc-genomics/,https://my.linkedin.com/in/kok-sin-4451a2107,Potential business contact matched from public LinkedIn search results. Profile role and current employment need confirmation.,Published business phone; not verified as this person’s direct number.,https://www.agtcgenomics.com/,public_search_match,LinkedIn identifies a potential company contact; email and phone are published business routes and may reach a different employee. Confirm the appropriate decision maker and current role.
5c4bd032839c4226,Bell Ward Malaysia,Recruitment and executive search agency,0,Recruitment and executive search firm connecting talent with companies across multiple industries in Malaysia.,SME size and business contact reviewed; no buying intent confirmed.,Siew-Yong Bong,"Partner, Consulting & Advisory",+60377356200,info@bell-ward.com,Public-source SME review,https://www.linkedin.com/company/bell-ward/,,0,"Recruitment and executive search firm connecting talent with companies across multiple industries in Malaysia. Suggested introductory discussion about staff communication, writing, problem solving or workplace AI. Training needs have not been confirmed. Self-reported SME-size range and published business contact. Not an official SME certification or a confirmed buyer.",Communication Skills; Professional Business Writing; Critical Thinking and Problem Solving; AI Tools for Workplace Productivity,"Suggested introductory discussion about staff communication, writing, problem solving or workplace AI. Training needs have not been confirmed.",unclear,SME,Direct introductory outreach or trainer-partner discussion. Confirm any HRD claim requirements only if requested.,top,Scout public-source verification,Company-owned LinkedIn profile reports 11-50 employees. Self-reported public evidence; current headcount and formal SME status are not independently certified.,,SME screened from public sources — HRD Corp optional,Recruitment and executive search firm connecting talent with companies across multiple industries in Malaysia.,https://www.linkedin.com/company/bell-ward/,https://my.linkedin.com/in/siewyongbong,Potential business contact matched from public LinkedIn search results. Profile role and current employment need confirmation.,Published business phone; not verified as this person’s direct number.,https://bell-ward.com/contact-us/,public_search_match,LinkedIn identifies a potential company contact; email and phone are published business routes and may reach a different employee. Confirm the appropriate decision maker and current role.
6b88f341ac62a64f,Bintara Solutions Sdn Bhd,"IT hardware, software, services and technology solutions provider",0,"Delivers IT hardware, software, services and solutions to business, government, education and healthcare clients, maximizing their technology investments.",SME size and business contact reviewed; no buying intent confirmed.,Ateerah Aziz,Employee,+60342663311,info@bintara.com.my,Public-source SME review,https://www.linkedin.com/company/bintarasolutions,,0,"Delivers IT hardware, software, services and solutions to business, government, education and healthcare clients, maximizing their technology investments. Suggested introductory discussion about staff communication, writing, problem solving or workplace AI. Training needs have not been confirmed. Self-reported SME-size range and published business contact. Not an official SME certification or a confirmed buyer.",Communication Skills; Professional Business Writing; Critical Thinking and Problem Solving; AI Tools for Workplace Productivity,"Suggested introductory discussion about staff communication, writing, problem solving or workplace AI. Training needs have not been confirmed.",unclear,SME,Direct introductory outreach or trainer-partner discussion. Confirm any HRD claim requirements only if requested.,top,Scout public-source verification,Company-owned LinkedIn profile reports 11-50 employees. Self-reported public evidence; current headcount and formal SME status are not independently certified.,,SME screened from public sources — HRD Corp optional,"Delivers IT hardware, software, services and solutions to business, government, education and healthcare clients, maximizing their technology investments.",https://www.linkedin.com/company/bintarasolutions,https://my.linkedin.com/in/ateerah-aziz-0b27882a4,Potential business contact matched from public LinkedIn search results. Profile role and current employment need confirmation.,Published business phone; not verified as this person’s direct number.,https://bintara.com.my/,public_search_match,LinkedIn identifies a potential company contact; email and phone are published business routes and may reach a different employee. Confirm the appropriate decision maker and current role.
81046305acc124d6,Bitlab Digital,Digital product design and technology consultancy,0,"Digital consultancy conceptualising and designing digital products and integrated tech solutions, including cloud, data, transformation consulting and generative AI.",SME size and business contact reviewed; no buying intent confirmed.,Jake Kovoor,Employee,+60364138171,biz@thebitlab.co,Public-source SME review,https://www.linkedin.com/company/bitlab-digital/,,0,"Digital consultancy conceptualising and designing digital products and integrated tech solutions, including cloud, data, transformation consulting and generative AI. Suggested introductory discussion about staff communication, writing, problem solving or workplace AI. Training needs have not been confirmed. Self-reported SME-size range and published business contact. Not an official SME certification or a confirmed buyer.",Communication Skills; Professional Business Writing; Critical Thinking and Problem Solving; AI Tools for Workplace Productivity,"Suggested introductory discussion about staff communication, writing, problem solving or workplace AI. Training needs have not been confirmed.",unclear,SME,Direct introductory outreach or trainer-partner discussion. Confirm any HRD claim requirements only if requested.,top,Scout public-source verification,Company-owned LinkedIn profile reports 11-50 employees. Self-reported public evidence; current headcount and formal SME status are not independently certified.,,SME screened from public sources — HRD Corp optional,"Digital consultancy conceptualising and designing digital products and integrated tech solutions, including cloud, data, transformation consulting and generative AI.",https://www.linkedin.com/company/bitlab-digital/,https://my.linkedin.com/in/kovoor,Potential business contact matched from public LinkedIn search results. Profile role and current employment need confirmation.,Published business phone; not verified as this person’s direct number.,https://www.thebitlab.co/,public_search_match,LinkedIn identifies a potential company contact; email and phone are published business routes and may reach a different employee. Confirm the appropriate decision maker and current role.
4b205303f4805841,BRANDTHINK Malaysia,Marketing and creative communications,0,"Provides marketing communications, public relations, social media, digital design and brand campaigns.",SME size and business contact reviewed; no buying intent confirmed.,Jui Hong T.,Managing Director,+60129982653,,Public-source SME review,https://www.linkedin.com/company/brandthink/,,0,"Provides marketing communications, public relations, social media, digital design and brand campaigns. Suggested introductory discussion about staff communication, writing, problem solving or workplace AI. Training needs have not been confirmed. Self-reported SME-size range and published business contact. Not an official SME certification or a confirmed buyer.",Communication Skills; Professional Business Writing; Critical Thinking and Problem Solving; AI Tools for Workplace Productivity,"Suggested introductory discussion about staff communication, writing, problem solving or workplace AI. Training needs have not been confirmed.",unclear,SME,Direct introductory outreach or trainer-partner discussion. Confirm any HRD claim requirements only if requested.,top,Scout public-source verification,Company-owned LinkedIn profile reports 11-50 employees. Self-reported public evidence; current headcount and formal SME status are not independently certified.,,SME screened from public sources — HRD Corp optional,"Provides marketing communications, public relations, social media, digital design and brand campaigns.",https://www.linkedin.com/company/brandthink/,https://my.linkedin.com/in/juihong,Potential business contact matched from public LinkedIn search results. Profile role and current employment need confirmation.,Published business phone; not verified as this person’s direct number.,https://www.brandthink.com/contact,public_search_match,LinkedIn identifies a potential company contact; email and phone are published business routes and may reach a different employee. Confirm the appropriate decision maker and current role.
98584792eab5a861,Bukku Accounting,Cloud accounting software,0,"Homegrown cloud accounting platform helping Malaysian small businesses and accountants digitalise, automating invoicing, reconciliation, payroll and e-Invoice compliance.",SME size and business contact reviewed; no buying intent confirmed.,Dinish Kumar Somasantram,Employee,+60393880415,hello@bukku.my,Public-source SME review,https://www.linkedin.com/company/bukku-accounting,,0,"Homegrown cloud accounting platform helping Malaysian small businesses and accountants digitalise, automating invoicing, reconciliation, payroll and e-Invoice compliance. Suggested introductory discussion about staff communication, writing, problem solving or workplace AI. Training needs have not been confirmed. Self-reported SME-size range and published business contact. Not an official SME certification or a confirmed buyer.",Communication Skills; Professional Business Writing; Critical Thinking and Problem Solving; AI Tools for Workplace Productivity,"Suggested introductory discussion about staff communication, writing, problem solving or workplace AI. Training needs have not been confirmed.",unclear,SME,Direct introductory outreach or trainer-partner discussion. Confirm any HRD claim requirements only if requested.,top,Scout public-source verification,Company-owned LinkedIn profile reports 2-10 employees. Self-reported public evidence; current headcount and formal SME status are not independently certified.,,SME screened from public sources — HRD Corp optional,"Homegrown cloud accounting platform helping Malaysian small businesses and accountants digitalise, automating invoicing, reconciliation, payroll and e-Invoice compliance.",https://www.linkedin.com/company/bukku-accounting,https://my.linkedin.com/in/dinish-kumar-somasantram-50ba3412b,Potential business contact matched from public LinkedIn search results. Profile role and current employment need confirmation.,Published business phone; not verified as this person’s direct number.,https://bukku.my/contact,public_search_match,LinkedIn identifies a potential company contact; email and phone are published business routes and may reach a different employee. Confirm the appropriate decision maker and current role.
1934fd1202fdce0f,Capcon,"Recruitment, outsourcing, talent advisory and corporate branding",0,"Asia-focused recruitment firm connecting talent with companies through personalised, relationship-centred recruitment services.",SME size and business contact reviewed; no buying intent confirmed.,Nicolas Lebrun,Recruiter,,info@capcon.asia,Public-source SME review,https://www.linkedin.com/company/capcon-asia/,,0,"Asia-focused recruitment firm connecting talent with companies through personalised, relationship-centred recruitment services. Suggested introductory discussion about staff communication, writing, problem solving or workplace AI. Training needs have not been confirmed. Self-reported SME-size range and published business contact. Not an official SME certification or a confirmed buyer.",Communication Skills; Professional Business Writing; Critical Thinking and Problem Solving; AI Tools for Workplace Productivity,"Suggested introductory discussion about staff communication, writing, problem solving or workplace AI. Training needs have not been confirmed.",unclear,SME,Direct introductory outreach or trainer-partner discussion. Confirm any HRD claim requirements only if requested.,top,Scout public-source verification,Company-owned LinkedIn profile reports 11-50 employees. Self-reported public evidence; current headcount and formal SME status are not independently certified.,,SME screened from public sources — HRD Corp optional,"Asia-focused recruitment firm connecting talent with companies through personalised, relationship-centred recruitment services.",https://www.linkedin.com/company/capcon-asia/,https://my.linkedin.com/in/nico-lebrun,Potential business contact matched from public LinkedIn search results. Profile role and current employment need confirmation.,No verified public business phone found.,,public_search_match,LinkedIn identifies a potential company contact; email and phone are published business routes and may reach a different employee. Confirm the appropriate decision maker and current role.
c95a38cbb03ac4ee,Career Horizons | Employment Agency,"Specialist recruitment agency (finance, IT, oil & gas, manufacturing and other sectors)",0,"Malaysian specialist recruitment agency providing consultative, tailored talent search across finance, IT, oil & gas, manufacturing and other industries.",SME size and business contact reviewed; no buying intent confirmed.,Christopher Chong,Recruitment team member (role not stated),+60377339548,Admin@careerhorizons.com.my,Public-source SME review,https://www.linkedin.com/company/career-horizons-malaysia/,,0,"Malaysian specialist recruitment agency providing consultative, tailored talent search across finance, IT, oil & gas, manufacturing and other industries. Suggested introductory discussion about staff communication, writing, problem solving or workplace AI. Training needs have not been confirmed. Self-reported SME-size range and published business contact. Not an official SME certification or a confirmed buyer.",Communication Skills; Professional Business Writing; Critical Thinking and Problem Solving; AI Tools for Workplace Productivity,"Suggested introductory discussion about staff communication, writing, problem solving or workplace AI. Training needs have not been confirmed.",unclear,SME,Direct introductory outreach or trainer-partner discussion. Confirm any HRD claim requirements only if requested.,top,Scout public-source verification,Company-owned LinkedIn profile reports 11-50 employees. Self-reported public evidence; current headcount and formal SME status are not independently certified.,,SME screened from public sources — HRD Corp optional,"Malaysian specialist recruitment agency providing consultative, tailored talent search across finance, IT, oil & gas, manufacturing and other industries.",https://www.linkedin.com/company/career-horizons-malaysia/,https://my.linkedin.com/in/christopher-chong-729365291,Potential business contact matched from public LinkedIn search results. Profile role and current employment need confirmation.,Published business phone; not verified as this person’s direct number.,https://careerhorizons.com.my/contact/,public_search_match,LinkedIn identifies a potential company contact; email and phone are published business routes and may reach a different employee. Confirm the appropriate decision maker and current role.
cb508a2a103b6810,CAREERMASTER,Recruitment and human capital solutions,0,Recruitment and human capital solutions provider with Johor Bahru and Kuala Lumpur offices serving local and multinational employers across Southeast Asia.,SME size and business contact reviewed; no buying intent confirmed.,Ivy Tan,Recruiter,+6073535294,info@careermaster.com.my,Public-source SME review,https://www.linkedin.com/company/careermaster-sdn-bhd,,0,"Recruitment and human capital solutions provider with Johor Bahru and Kuala Lumpur offices serving local and multinational employers across Southeast Asia. Suggested introductory discussion about staff communication, writing, problem solving or workplace AI. Training needs have not been confirmed. Self-reported SME-size range and published business contact. Not an official SME certification or a confirmed buyer.",Communication Skills; Professional Business Writing; Critical Thinking and Problem Solving; AI Tools for Workplace Productivity,"Suggested introductory discussion about staff communication, writing, problem solving or workplace AI. Training needs have not been confirmed.",unclear,SME,Direct introductory outreach or trainer-partner discussion. Confirm any HRD claim requirements only if requested.,top,Scout public-source verification,Company-owned LinkedIn profile reports 2-10 employees. Self-reported public evidence; current headcount and formal SME status are not independently certified.,,SME screened from public sources — HRD Corp optional,Recruitment and human capital solutions provider with Johor Bahru and Kuala Lumpur offices serving local and multinational employers across Southeast Asia.,https://www.linkedin.com/company/careermaster-sdn-bhd,https://my.linkedin.com/in/ivytanss,Potential business contact matched from public LinkedIn search results. Profile role and current employment need confirmation.,Published business phone; not verified as this person’s direct number.,https://www.careermaster.com.my/contact.php,public_search_match,LinkedIn identifies a potential company contact; email and phone are published business routes and may reach a different employee. Confirm the appropriate decision maker and current role.
ca0b18460eb53f75,Caspian Digital Solutions,"Software and digital agency (web/mobile development, AI, digital marketing)",0,"Software and digital agency delivering web and mobile development, AI-driven digital transformation and integrated digital marketing services.",SME size and business contact reviewed; no buying intent confirmed.,Hafsham Masod,Employee,,info@caspiandigitalsolutions.com,Public-source SME review,https://www.linkedin.com/company/caspian-digital-solutions/,,0,"Software and digital agency delivering web and mobile development, AI-driven digital transformation and integrated digital marketing services. Suggested introductory discussion about staff communication, writing, problem solving or workplace AI. Training needs have not been confirmed. Self-reported SME-size range and published business contact. Not an official SME certification or a confirmed buyer.",Communication Skills; Professional Business Writing; Critical Thinking and Problem Solving; AI Tools for Workplace Productivity,"Suggested introductory discussion about staff communication, writing, problem solving or workplace AI. Training needs have not been confirmed.",unclear,SME,Direct introductory outreach or trainer-partner discussion. Confirm any HRD claim requirements only if requested.,top,Scout public-source verification,Company-owned LinkedIn profile reports 11-50 employees. Self-reported public evidence; current headcount and formal SME status are not independently certified.,,SME screened from public sources — HRD Corp optional,"Software and digital agency delivering web and mobile development, AI-driven digital transformation and integrated digital marketing services.",https://www.linkedin.com/company/caspian-digital-solutions/,https://my.linkedin.com/in/hafshammasod,Potential business contact matched from public LinkedIn search results. Profile role and current employment need confirmation.,No verified public business phone found.,,public_search_match,LinkedIn identifies a potential company contact; email and phone are published business routes and may reach a different employee. Confirm the appropriate decision maker and current role.
2dfe54781ca66db5,CAVEMAN GROUP,"Digital marketing, HR solutions, team building and event activation agency",0,"Kuala Lumpur agency providing digital marketing, team building, HR solutions and event activation services to SMEs and corporates.",SME size and business contact reviewed; no buying intent confirmed.,Ginnie Koay,"CEO & Founder, Caveman HR Solutions",+60124084166,,Public-source SME review,https://www.linkedin.com/company/caveman-group-sdn-bhd,,0,"Kuala Lumpur agency providing digital marketing, team building, HR solutions and event activation services to SMEs and corporates. Suggested introductory discussion about staff communication, writing, problem solving or workplace AI. Training needs have not been confirmed. Self-reported SME-size range and published business contact. Not an official SME certification or a confirmed buyer.",Communication Skills; Professional Business Writing; Critical Thinking and Problem Solving; AI Tools for Workplace Productivity,"Suggested introductory discussion about staff communication, writing, problem solving or workplace AI. Training needs have not been confirmed.",unclear,SME,Direct introductory outreach or trainer-partner discussion. Confirm any HRD claim requirements only if requested.,top,Scout public-source verification,Company-owned LinkedIn profile reports 11-50 employees. Self-reported public evidence; current headcount and formal SME status are not independently certified.,,SME screened from public sources — HRD Corp optional,"Kuala Lumpur agency providing digital marketing, team building, HR solutions and event activation services to SMEs and corporates.",https://www.linkedin.com/company/caveman-group-sdn-bhd,https://my.linkedin.com/in/ginnie-koay-%E9%83%AD%E9%92%AB%E4%BB%AA-056a3b19a,Potential business contact matched from public LinkedIn search results. Profile role and current employment need confirmation.,Published business phone; not verified as this person’s direct number.,https://cavemangroup.com.my/contact-caveman-group-malaysia/,public_search_match,LinkedIn identifies a potential company contact; email and phone are published business routes and may reach a different employee. Confirm the appropriate decision maker and current role.
f1f395b958409206,Centrionics,Industrial process analyzers and analytical instrumentation solutions,0,"Specializes in process and analytical instruments and solutions for oil & gas, petrochemical, pharmaceutical, semiconductor, power, food and wastewater industries.",SME size and business contact reviewed; no buying intent confirmed.,Adam Leow Teck Fong,Employee,+60355252568,sales@centrionics.com,Public-source SME review,https://www.linkedin.com/company/centrionics/,,0,"Specializes in process and analytical instruments and solutions for oil & gas, petrochemical, pharmaceutical, semiconductor, power, food and wastewater industries. Suggested introductory discussion about staff communication, writing, problem solving or workplace AI. Training needs have not been confirmed. Self-reported SME-size range and published business contact. Not an official SME certification or a confirmed buyer.",Communication Skills; Professional Business Writing; Critical Thinking and Problem Solving; AI Tools for Workplace Productivity,"Suggested introductory discussion about staff communication, writing, problem solving or workplace AI. Training needs have not been confirmed.",unclear,SME,Direct introductory outreach or trainer-partner discussion. Confirm any HRD claim requirements only if requested.,top,Scout public-source verification,Company-owned LinkedIn profile reports 11-50 employees. Self-reported public evidence; current headcount and formal SME status are not independently certified.,,SME screened from public sources — HRD Corp optional,"Specializes in process and analytical instruments and solutions for oil & gas, petrochemical, pharmaceutical, semiconductor, power, food and wastewater industries.",https://www.linkedin.com/company/centrionics/,https://my.linkedin.com/in/adam-leow-teck-fong-41497771,Potential business contact matched from public LinkedIn search results. Profile role and current employment need confirmation.,Published business phone; not verified as this person’s direct number.,https://centrionics.com/,public_search_match,LinkedIn identifies a potential company contact; email and phone are published business routes and may reach a different employee. Confirm the appropriate decision maker and current role.
0e47137c0f0394bf,CSQ Analytics Sdn Bhd,"Laboratory equipment supply, calibration and training",0,"Supplies laboratory analysis kits, instruments and consumables for environmental and water analysis, plus ISO/IEC 17025 accredited calibration services.",SME size and business contact reviewed; no buying intent confirmed.,Siti Syuhada,Employee (role not stated),+6066519118,info@csqanalytics.com,Public-source SME review,https://www.linkedin.com/company/csq-analytics/,,0,"Supplies laboratory analysis kits, instruments and consumables for environmental and water analysis, plus ISO/IEC 17025 accredited calibration services. Suggested introductory discussion about staff communication, writing, problem solving or workplace AI. Training needs have not been confirmed. Self-reported SME-size range and published business contact. Not an official SME certification or a confirmed buyer.",Communication Skills; Professional Business Writing; Critical Thinking and Problem Solving; AI Tools for Workplace Productivity,"Suggested introductory discussion about staff communication, writing, problem solving or workplace AI. Training needs have not been confirmed.",unclear,SME,Direct introductory outreach or trainer-partner discussion. Confirm any HRD claim requirements only if requested.,top,Scout public-source verification,Company-owned LinkedIn profile reports 11-50 employees. Self-reported public evidence; current headcount and formal SME status are not independently certified.,,SME screened from public sources — HRD Corp optional,"Supplies laboratory analysis kits, instruments and consumables for environmental and water analysis, plus ISO/IEC 17025 accredited calibration services.",https://www.linkedin.com/company/csq-analytics/,https://my.linkedin.com/in/siti-syuhada-77a3a5269,Potential business contact matched from public LinkedIn search results. Profile role and current employment need confirmation.,Published business phone; not verified as this person’s direct number.,https://csqanalytics.com/,public_search_match,LinkedIn identifies a potential company contact; email and phone are published business routes and may reach a different employee. Confirm the appropriate decision maker and current role.
be46ef222032e2b2,Deemples,Golf app and golf game booking platform,0,"Golf app helping golfers find and join available games, create their own games for others to join, and organise golf games hassle-free.",SME size and business contact reviewed; no buying intent confirmed.,David Wong,Founder & CEO,+60146074900,hello@deemples.com,Public-source SME review,https://www.linkedin.com/company/deemples,,0,"Golf app helping golfers find and join available games, create their own games for others to join, and organise golf games hassle-free. Suggested introductory discussion about staff communication, writing, problem solving or workplace AI. Training needs have not been confirmed. Self-reported SME-size range and published business contact. Not an official SME certification or a confirmed buyer.",Communication Skills; Professional Business Writing; Critical Thinking and Problem Solving; AI Tools for Workplace Productivity,"Suggested introductory discussion about staff communication, writing, problem solving or workplace AI. Training needs have not been confirmed.",unclear,SME,Direct introductory outreach or trainer-partner discussion. Confirm any HRD claim requirements only if requested.,top,Scout public-source verification,Company-owned LinkedIn profile reports 2-10 employees. Self-reported public evidence; current headcount and formal SME status are not independently certified.,,SME screened from public sources — HRD Corp optional,"Golf app helping golfers find and join available games, create their own games for others to join, and organise golf games hassle-free.",https://www.linkedin.com/company/deemples,https://my.linkedin.com/in/davidwpy,Potential business contact matched from public LinkedIn search results. Profile role and current employment need confirmation.,Published business phone; not verified as this person’s direct number.,https://deemples.com/my,public_search_match,LinkedIn identifies a potential company contact; email and phone are published business routes and may reach a different employee. Confirm the appropriate decision maker and current role.
21ab2dc5a8ce22ad,Demojo Communication,"Creative, digital and experiential marketing agency",0,"Independent creative marketing agency offering channel-neutral campaigns combining creative, digital and experiential marketing to convert attention into action.",SME size and business contact reviewed; no buying intent confirmed.,Sravani V,Employee (role not stated),+60376125338,,Public-source SME review,https://www.linkedin.com/company/demojo/,,0,"Independent creative marketing agency offering channel-neutral campaigns combining creative, digital and experiential marketing to convert attention into action. Suggested introductory discussion about staff communication, writing, problem solving or workplace AI. Training needs have not been confirmed. Self-reported SME-size range and published business contact. Not an official SME certification or a confirmed buyer.",Communication Skills; Professional Business Writing; Critical Thinking and Problem Solving; AI Tools for Workplace Productivity,"Suggested introductory discussion about staff communication, writing, problem solving or workplace AI. Training needs have not been confirmed.",unclear,SME,Direct introductory outreach or trainer-partner discussion. Confirm any HRD claim requirements only if requested.,top,Scout public-source verification,Company-owned LinkedIn profile reports 11-50 employees. Self-reported public evidence; current headcount and formal SME status are not independently certified.,,SME screened from public sources — HRD Corp optional,"Independent creative marketing agency offering channel-neutral campaigns combining creative, digital and experiential marketing to convert attention into action.",https://www.linkedin.com/company/demojo/,https://in.linkedin.com/in/sravani-v-835475286,Potential business contact matched from public LinkedIn search results. Profile role and current employment need confirmation.,Published business phone; not verified as this person’s direct number.,https://demojo.co/,public_search_match,LinkedIn identifies a potential company contact; email and phone are published business routes and may reach a different employee. Confirm the appropriate decision maker and current role.
e51fc0dd11998e46,Dyna Segmen Sdn Bhd,"Oil and gas operations and maintenance, engineering services",0,"Operations and maintenance contractor for the oil and gas industry, with offices in Kuala Lumpur, Kerteh and Bintulu, Malaysia.",SME size and business contact reviewed; no buying intent confirmed.,Muhammad Yazid Amin,Current employee (role not specified),+60390540099,info@dyna.com.my,Public-source SME review,https://www.linkedin.com/company/dyna-segmen-sdn-bhd/,,0,"Operations and maintenance contractor for the oil and gas industry, with offices in Kuala Lumpur, Kerteh and Bintulu, Malaysia. Suggested introductory discussion about staff communication, writing, problem solving or workplace AI. Training needs have not been confirmed. Self-reported SME-size range and published business contact. Not an official SME certification or a confirmed buyer.",Communication Skills; Professional Business Writing; Critical Thinking and Problem Solving; AI Tools for Workplace Productivity,"Suggested introductory discussion about staff communication, writing, problem solving or workplace AI. Training needs have not been confirmed.",unclear,SME,Direct introductory outreach or trainer-partner discussion. Confirm any HRD claim requirements only if requested.,top,Scout public-source verification,Company-owned LinkedIn profile reports 11-50 employees. Self-reported public evidence; current headcount and formal SME status are not independently certified.,,SME screened from public sources — HRD Corp optional,"Operations and maintenance contractor for the oil and gas industry, with offices in Kuala Lumpur, Kerteh and Bintulu, Malaysia.",https://www.linkedin.com/company/dyna-segmen-sdn-bhd/,https://my.linkedin.com/in/muhammadyazidamin,Potential business contact matched from public LinkedIn search results. Profile role and current employment need confirmation.,Published business phone; not verified as this person’s direct number.,https://www.dyna.com.my/,public_search_match,LinkedIn identifies a potential company contact; email and phone are published business routes and may reach a different employee. Confirm the appropriate decision maker and current role.
48b4b75850eb4e69,FIND Talents,"Recruitment agency (executive search, mass hiring, multilingual talent)",0,"Boutique recruitment agency specializing in executive search, mass hiring and multilingual talent placement for SMEs and enterprises across APAC.",SME size and business contact reviewed; no buying intent confirmed.,Hann Ng,Founder / Managing Director,+60122926692,hello@findtalents.co,Public-source SME review,https://www.linkedin.com/company/findtalentsco/,,0,"Boutique recruitment agency specializing in executive search, mass hiring and multilingual talent placement for SMEs and enterprises across APAC. Suggested introductory discussion about staff communication, writing, problem solving or workplace AI. Training needs have not been confirmed. Self-reported SME-size range and published business contact. Not an official SME certification or a confirmed buyer.",Communication Skills; Professional Business Writing; Critical Thinking and Problem Solving; AI Tools for Workplace Productivity,"Suggested introductory discussion about staff communication, writing, problem solving or workplace AI. Training needs have not been confirmed.",unclear,SME,Direct introductory outreach or trainer-partner discussion. Confirm any HRD claim requirements only if requested.,top,Scout public-source verification,Company-owned LinkedIn profile reports 2-10 employees. Self-reported public evidence; current headcount and formal SME status are not independently certified.,,SME screened from public sources — HRD Corp optional,"Boutique recruitment agency specializing in executive search, mass hiring and multilingual talent placement for SMEs and enterprises across APAC.",https://www.linkedin.com/company/findtalentsco/,https://my.linkedin.com/in/khaihann-ng,Potential business contact matched from public LinkedIn search results. Profile role and current employment need confirmation.,Published business phone; not verified as this person’s direct number.,https://www.findtalents.co/en/contact,public_search_match,LinkedIn identifies a potential company contact; email and phone are published business routes and may reach a different employee. Confirm the appropriate decision maker and current role.
98809708d4cdf30a,Hirehub,Recruitment and manpower services,0,"Manpower agency providing executive headhunting, local and foreign worker recruitment, staffing, RBA compliance consulting and expatriate visa support.",SME size and business contact reviewed; no buying intent confirmed.,,general business enquiries,+6073636070,,Public-source SME review,https://www.linkedin.com/company/hirehub-group/,,0,"Manpower agency providing executive headhunting, local and foreign worker recruitment, staffing, RBA compliance consulting and expatriate visa support. Suggested introductory discussion about staff communication, writing, problem solving or workplace AI. Training needs have not been confirmed. Self-reported SME-size range and published business contact. Not an official SME certification or a confirmed buyer.",Communication Skills; Professional Business Writing; Critical Thinking and Problem Solving; AI Tools for Workplace Productivity,"Suggested introductory discussion about staff communication, writing, problem solving or workplace AI. Training needs have not been confirmed.",unclear,SME,Direct introductory outreach or trainer-partner discussion. Confirm any HRD claim requirements only if requested.,top,Scout public-source verification,Company-owned LinkedIn profile reports 11-50 employees. Self-reported public evidence; current headcount and formal SME status are not independently certified.,,SME screened from public sources — HRD Corp optional,"Manpower agency providing executive headhunting, local and foreign worker recruitment, staffing, RBA compliance consulting and expatriate visa support.",https://www.linkedin.com/company/hirehub-group/,,No reliable public person profile found.,Published business phone; not verified as this person’s direct number.,https://www.hirehub.com.my/,not_found,LinkedIn identifies a potential company contact; email and phone are published business routes and may reach a different employee. Confirm the appropriate decision maker and current role.
8986cc263f1e0a75,IMPRESSIVE LOGGING SERVICES SDN. BHD.,Oil & gas cased hole logging and petroleum engineering services,0,Cased hole logging and well diagnostics service provider serving the upstream oil and gas industry in Malaysia.,SME size and business contact reviewed; no buying intent confirmed.,Ts. Adli Zaim Awal,Executive Director,+60321814157,sales@impressive-my.com,Public-source SME review,https://www.linkedin.com/company/impressive-logging-services/,,0,"Cased hole logging and well diagnostics service provider serving the upstream oil and gas industry in Malaysia. Suggested introductory discussion about staff communication, writing, problem solving or workplace AI. Training needs have not been confirmed. Self-reported SME-size range and published business contact. Not an official SME certification or a confirmed buyer.",Communication Skills; Professional Business Writing; Critical Thinking and Problem Solving; AI Tools for Workplace Productivity,"Suggested introductory discussion about staff communication, writing, problem solving or workplace AI. Training needs have not been confirmed.",unclear,SME,Direct introductory outreach or trainer-partner discussion. Confirm any HRD claim requirements only if requested.,top,Scout public-source verification,Company-owned LinkedIn profile reports 11-50 employees. Self-reported public evidence; current headcount and formal SME status are not independently certified.,,SME screened from public sources — HRD Corp optional,Cased hole logging and well diagnostics service provider serving the upstream oil and gas industry in Malaysia.,https://www.linkedin.com/company/impressive-logging-services/,https://my.linkedin.com/in/adli-zaim-awal,Potential business contact matched from public LinkedIn search results. Profile role and current employment need confirmation.,Published business phone; not verified as this person’s direct number.,https://www.impressivegroup.com/contact-us,public_search_match,LinkedIn identifies a potential company contact; email and phone are published business routes and may reach a different employee. Confirm the appropriate decision maker and current role.
96a3fb5803b10251,Indoleads.com,Affiliate marketing network (CPA) and performance-based digital marketing,0,"Global CPA affiliate network connecting advertisers and affiliates with 3000+ programs across 180 countries, spanning e-commerce, software, travel and finance.",SME size and business contact reviewed; no buying intent confirmed.,,general business enquiries,+60123004920,care@indoleads.com,Public-source SME review,https://www.linkedin.com/company/indoleads/,,0,"Global CPA affiliate network connecting advertisers and affiliates with 3000+ programs across 180 countries, spanning e-commerce, software, travel and finance. Suggested introductory discussion about staff communication, writing, problem solving or workplace AI. Training needs have not been confirmed. Self-reported SME-size range and published business contact. Not an official SME certification or a confirmed buyer.",Communication Skills; Professional Business Writing; Critical Thinking and Problem Solving; AI Tools for Workplace Productivity,"Suggested introductory discussion about staff communication, writing, problem solving or workplace AI. Training needs have not been confirmed.",unclear,SME,Direct introductory outreach or trainer-partner discussion. Confirm any HRD claim requirements only if requested.,top,Scout public-source verification,Company-owned LinkedIn profile reports 11-50 employees. Self-reported public evidence; current headcount and formal SME status are not independently certified.,,SME screened from public sources — HRD Corp optional,"Global CPA affiliate network connecting advertisers and affiliates with 3000+ programs across 180 countries, spanning e-commerce, software, travel and finance.",https://www.linkedin.com/company/indoleads/,,No reliable public person profile found.,Published business phone; not verified as this person’s direct number.,https://indoleads.com/contact/,not_found,LinkedIn identifies a potential company contact; email and phone are published business routes and may reach a different employee. Confirm the appropriate decision maker and current role.
93d0e08fc27d2753,Inspire Asia,Corporate team building and experiential training,0,"Custom corporate training company developing teams, leaders and key talent through experiential learning across Malaysia and Southeast Asia.",SME size and business contact reviewed; no buying intent confirmed.,,general business enquiries,+60122136240,,Public-source SME review,https://www.linkedin.com/company/inspire-asia,,0,"Custom corporate training company developing teams, leaders and key talent through experiential learning across Malaysia and Southeast Asia. Suggested introductory discussion about staff communication, writing, problem solving or workplace AI. Training needs have not been confirmed. Self-reported SME-size range and published business contact. Not an official SME certification or a confirmed buyer.",Communication Skills; Professional Business Writing; Critical Thinking and Problem Solving; AI Tools for Workplace Productivity,"Suggested introductory discussion about staff communication, writing, problem solving or workplace AI. Training needs have not been confirmed.",unclear,SME,Direct introductory outreach or trainer-partner discussion. Confirm any HRD claim requirements only if requested.,top,Scout public-source verification,Company-owned LinkedIn profile reports 11-50 employees. Self-reported public evidence; current headcount and formal SME status are not independently certified.,,SME screened from public sources — HRD Corp optional,"Custom corporate training company developing teams, leaders and key talent through experiential learning across Malaysia and Southeast Asia.",https://www.linkedin.com/company/inspire-asia,,No reliable public person profile found.,Published business phone; not verified as this person’s direct number.,https://inspireasia.co/contact/,not_found,LinkedIn identifies a potential company contact; email and phone are published business routes and may reach a different employee. Confirm the appropriate decision maker and current role.
103e8c77fb6712f4,IPETRO,"Asset integrity management, inspection, NDT and corrosion management for oil & gas",0,"Asset integrity management provider offering inspection, NDT, corrosion management and engineering consultancy using robotics and digitalisation for oil, gas and power industries.",SME size and business contact reviewed; no buying intent confirmed.,Ir. Mursyidi Mohammad,Director / Business Owner,+6063500073,admin@ipetro.com.my,Public-source SME review,https://www.linkedin.com/company/ipetro/,,0,"Asset integrity management provider offering inspection, NDT, corrosion management and engineering consultancy using robotics and digitalisation for oil, gas and power industries. Suggested introductory discussion about staff communication, writing, problem solving or workplace AI. Training needs have not been confirmed. Self-reported SME-size range and published business contact. Not an official SME certification or a confirmed buyer.",Communication Skills; Professional Business Writing; Critical Thinking and Problem Solving; AI Tools for Workplace Productivity,"Suggested introductory discussion about staff communication, writing, problem solving or workplace AI. Training needs have not been confirmed.",unclear,SME,Direct introductory outreach or trainer-partner discussion. Confirm any HRD claim requirements only if requested.,top,Scout public-source verification,Company-owned LinkedIn profile reports 11-50 employees. Self-reported public evidence; current headcount and formal SME status are not independently certified.,,SME screened from public sources — HRD Corp optional,"Asset integrity management provider offering inspection, NDT, corrosion management and engineering consultancy using robotics and digitalisation for oil, gas and power industries.",https://www.linkedin.com/company/ipetro/,https://my.linkedin.com/in/irmursyidi,Potential business contact matched from public LinkedIn search results. Profile role and current employment need confirmation.,Published business phone; not verified as this person’s direct number.,https://www.ipetro.com.my/,public_search_match,LinkedIn identifies a potential company contact; email and phone are published business routes and may reach a different employee. Confirm the appropriate decision maker and current role.
d6c10f00c537338a,Knowledge Group of Companies,"Tech ecosystem building, conferences and capability development (BankTech Asia, InsurTech Asia, etc.)",0,"Regional ecosystem builder organizing technology conferences and platforms including BankTech Asia and InsurTech Asia, connecting industry leaders across Asia.",SME size and business contact reviewed; no buying intent confirmed.,WK Ko,Current employee (role not specified),+60386841588,info@knowledgegroupco.com,Public-source SME review,https://www.linkedin.com/company/knowledge-group-of-companies,,0,"Regional ecosystem builder organizing technology conferences and platforms including BankTech Asia and InsurTech Asia, connecting industry leaders across Asia. Suggested introductory discussion about staff communication, writing, problem solving or workplace AI. Training needs have not been confirmed. Self-reported SME-size range and published business contact. Not an official SME certification or a confirmed buyer.",Communication Skills; Professional Business Writing; Critical Thinking and Problem Solving; AI Tools for Workplace Productivity,"Suggested introductory discussion about staff communication, writing, problem solving or workplace AI. Training needs have not been confirmed.",unclear,SME,Direct introductory outreach or trainer-partner discussion. Confirm any HRD claim requirements only if requested.,top,Scout public-source verification,Company-owned LinkedIn profile reports 11-50 employees. Self-reported public evidence; current headcount and formal SME status are not independently certified.,,SME screened from public sources — HRD Corp optional,"Regional ecosystem builder organizing technology conferences and platforms including BankTech Asia and InsurTech Asia, connecting industry leaders across Asia.",https://www.linkedin.com/company/knowledge-group-of-companies,https://my.linkedin.com/in/wk-ko-9827b3202,Potential business contact matched from public LinkedIn search results. Profile role and current employment need confirmation.,Published business phone; not verified as this person’s direct number.,https://knowledgegroupco.com/contact/,public_search_match,LinkedIn identifies a potential company contact; email and phone are published business routes and may reach a different employee. Confirm the appropriate decision maker and current role.
45c65e429dd7416e,Krenovator,"Tech talent outsourcing, software development and Agentic AI solutions",0,"Connects tech professionals with companies worldwide, offering tech talent as a service, recruitment, remote staffing, outsourcing and skills development.",SME size and business contact reviewed; no buying intent confirmed.,Mahadhir Yunus,Founder / CEO,,support@krenovator.io,Public-source SME review,https://www.linkedin.com/company/krenovator/,,0,"Connects tech professionals with companies worldwide, offering tech talent as a service, recruitment, remote staffing, outsourcing and skills development. Suggested introductory discussion about staff communication, writing, problem solving or workplace AI. Training needs have not been confirmed. Self-reported SME-size range and published business contact. Not an official SME certification or a confirmed buyer.",Communication Skills; Professional Business Writing; Critical Thinking and Problem Solving; AI Tools for Workplace Productivity,"Suggested introductory discussion about staff communication, writing, problem solving or workplace AI. Training needs have not been confirmed.",unclear,SME,Direct introductory outreach or trainer-partner discussion. Confirm any HRD claim requirements only if requested.,top,Scout public-source verification,Company-owned LinkedIn profile reports 11-50 employees. Self-reported public evidence; current headcount and formal SME status are not independently certified.,,SME screened from public sources — HRD Corp optional,"Connects tech professionals with companies worldwide, offering tech talent as a service, recruitment, remote staffing, outsourcing and skills development.",https://www.linkedin.com/company/krenovator/,https://my.linkedin.com/in/mahadhiryunus,Potential business contact matched from public LinkedIn search results. Profile role and current employment need confirmation.,No verified public business phone found.,,public_search_match,LinkedIn identifies a potential company contact; email and phone are published business routes and may reach a different employee. Confirm the appropriate decision maker and current role.
893efe37f371f9ef,Maps & Globe Specialist,"Industrial mapping products and advertising solutions for oil & gas, power, shipbuilding and palm oil",0,"Produces industrial maps for energy, oil & gas, maritime and palm oil industries, offering advertising platforms distributed at global trade shows.",SME size and business contact reviewed; no buying intent confirmed.,Huay Khim Lim,Sales Executive,+60392016611,,Public-source SME review,https://www.linkedin.com/company/maps-globe-specialist/,,0,"Produces industrial maps for energy, oil & gas, maritime and palm oil industries, offering advertising platforms distributed at global trade shows. Suggested introductory discussion about staff communication, writing, problem solving or workplace AI. Training needs have not been confirmed. Self-reported SME-size range and published business contact. Not an official SME certification or a confirmed buyer.",Communication Skills; Professional Business Writing; Critical Thinking and Problem Solving; AI Tools for Workplace Productivity,"Suggested introductory discussion about staff communication, writing, problem solving or workplace AI. Training needs have not been confirmed.",unclear,SME,Direct introductory outreach or trainer-partner discussion. Confirm any HRD claim requirements only if requested.,top,Scout public-source verification,Company-owned LinkedIn profile reports 11-50 employees. Self-reported public evidence; current headcount and formal SME status are not independently certified.,,SME screened from public sources — HRD Corp optional,"Produces industrial maps for energy, oil & gas, maritime and palm oil industries, offering advertising platforms distributed at global trade shows.",https://www.linkedin.com/company/maps-globe-specialist/,https://my.linkedin.com/in/huaykhimlim,Potential business contact matched from public LinkedIn search results. Profile role and current employment need confirmation.,Published business phone; not verified as this person’s direct number.,https://www.mapsglobe.com/,public_search_match,LinkedIn identifies a potential company contact; email and phone are published business routes and may reach a different employee. Confirm the appropriate decision maker and current role.
ad5e61ea8fdcc49f,"MindHive | AI Workforce Automation, AI Forecasting and AI Chatbots","AI applications, workflow automation, forecasting and chatbots",0,"Creates tailor-made AI applications and infrastructure, including workflow automation, forecasting and chatbots, to streamline business operations.",SME size and business contact reviewed; no buying intent confirmed.,Ivan Chiang,Head of Product and Engineering,,hello@mindhive.asia,Public-source SME review,https://www.linkedin.com/company/mindhive-asia/,,0,"Creates tailor-made AI applications and infrastructure, including workflow automation, forecasting and chatbots, to streamline business operations. Suggested introductory discussion about staff communication, writing, problem solving or workplace AI. Training needs have not been confirmed. Self-reported SME-size range and published business contact. Not an official SME certification or a confirmed buyer.",Communication Skills; Professional Business Writing; Critical Thinking and Problem Solving; AI Tools for Workplace Productivity,"Suggested introductory discussion about staff communication, writing, problem solving or workplace AI. Training needs have not been confirmed.",unclear,SME,Direct introductory outreach or trainer-partner discussion. Confirm any HRD claim requirements only if requested.,top,Scout public-source verification,Company-owned LinkedIn profile reports 11-50 employees. Self-reported public evidence; current headcount and formal SME status are not independently certified.,,SME screened from public sources — HRD Corp optional,"Creates tailor-made AI applications and infrastructure, including workflow automation, forecasting and chatbots, to streamline business operations.",https://www.linkedin.com/company/mindhive-asia/,https://my.linkedin.com/in/ivanchiang96,Potential business contact matched from public LinkedIn search results. Profile role and current employment need confirmation.,No verified public business phone found.,,public_search_match,LinkedIn identifies a potential company contact; email and phone are published business routes and may reach a different employee. Confirm the appropriate decision maker and current role.
5b82b7b09df49f96,Mode Fair Sdn Bhd,GovTech and special projects technology company,0,"Tech company specializing in GovTech and special projects, helping clients with digital transformation in Malaysia since pivoting from e-commerce in 2018.",SME size and business contact reviewed; no buying intent confirmed.,Heng Kiat Ong,Current employee (role not specified),+60327798896,,Public-source SME review,https://www.linkedin.com/company/modefair/,,0,"Tech company specializing in GovTech and special projects, helping clients with digital transformation in Malaysia since pivoting from e-commerce in 2018. Suggested introductory discussion about staff communication, writing, problem solving or workplace AI. Training needs have not been confirmed. Self-reported SME-size range and published business contact. Not an official SME certification or a confirmed buyer.",Communication Skills; Professional Business Writing; Critical Thinking and Problem Solving; AI Tools for Workplace Productivity,"Suggested introductory discussion about staff communication, writing, problem solving or workplace AI. Training needs have not been confirmed.",unclear,SME,Direct introductory outreach or trainer-partner discussion. Confirm any HRD claim requirements only if requested.,top,Scout public-source verification,Company-owned LinkedIn profile reports 11-50 employees. Self-reported public evidence; current headcount and formal SME status are not independently certified.,,SME screened from public sources — HRD Corp optional,"Tech company specializing in GovTech and special projects, helping clients with digital transformation in Malaysia since pivoting from e-commerce in 2018.",https://www.linkedin.com/company/modefair/,https://my.linkedin.com/in/heng-kiat-ong-838a27185,Potential business contact matched from public LinkedIn search results. Profile role and current employment need confirmation.,Published business phone; not verified as this person’s direct number.,https://www.modefair.com/,public_search_match,LinkedIn identifies a potential company contact; email and phone are published business routes and may reach a different employee. Confirm the appropriate decision maker and current role.
3722f3142127476e,Mumtaz Energy,"Oil and gas stockist and supplier (pipes, fittings, flanges, gaskets, structural steel)",0,"Oil and gas stockist and supplier of pipes, fittings, flanges, gaskets and structural steel, providing sourcing, inventory management and timely delivery.",SME size and business contact reviewed; no buying intent confirmed.,,general business enquiries,+60323867746,,Public-source SME review,https://www.linkedin.com/company/mumtaz-energy,,0,"Oil and gas stockist and supplier of pipes, fittings, flanges, gaskets and structural steel, providing sourcing, inventory management and timely delivery. Suggested introductory discussion about staff communication, writing, problem solving or workplace AI. Training needs have not been confirmed. Self-reported SME-size range and published business contact. Not an official SME certification or a confirmed buyer.",Communication Skills; Professional Business Writing; Critical Thinking and Problem Solving; AI Tools for Workplace Productivity,"Suggested introductory discussion about staff communication, writing, problem solving or workplace AI. Training needs have not been confirmed.",unclear,SME,Direct introductory outreach or trainer-partner discussion. Confirm any HRD claim requirements only if requested.,top,Scout public-source verification,Company-owned LinkedIn profile reports 11-50 employees. Self-reported public evidence; current headcount and formal SME status are not independently certified.,,SME screened from public sources — HRD Corp optional,"Oil and gas stockist and supplier of pipes, fittings, flanges, gaskets and structural steel, providing sourcing, inventory management and timely delivery.",https://www.linkedin.com/company/mumtaz-energy,,No reliable public person profile found.,Published business phone; not verified as this person’s direct number.,https://www.mumtaz.com.my/contact-us/,not_found,LinkedIn identifies a potential company contact; email and phone are published business routes and may reach a different employee. Confirm the appropriate decision maker and current role.
12ee9537ca07e2aa,MVC Resources,Recruitment and human resources,0,"Regional HR service provider specializing in enabling talent and closing skills gaps for executives and organisations, from start-ups to MNCs.",SME size and business contact reviewed; no buying intent confirmed.,Melvin Tan,Founder & Group CEO,+60103786445,,Public-source SME review,https://www.linkedin.com/company/mvc-resources,,0,"Regional HR service provider specializing in enabling talent and closing skills gaps for executives and organisations, from start-ups to MNCs. Suggested introductory discussion about staff communication, writing, problem solving or workplace AI. Training needs have not been confirmed. Self-reported SME-size range and published business contact. Not an official SME certification or a confirmed buyer.",Communication Skills; Professional Business Writing; Critical Thinking and Problem Solving; AI Tools for Workplace Productivity,"Suggested introductory discussion about staff communication, writing, problem solving or workplace AI. Training needs have not been confirmed.",unclear,SME,Direct introductory outreach or trainer-partner discussion. Confirm any HRD claim requirements only if requested.,top,Scout public-source verification,Company-owned LinkedIn profile reports 11-50 employees. Self-reported public evidence; current headcount and formal SME status are not independently certified.,,SME screened from public sources — HRD Corp optional,"Regional HR service provider specializing in enabling talent and closing skills gaps for executives and organisations, from start-ups to MNCs.",https://www.linkedin.com/company/mvc-resources,https://my.linkedin.com/in/melthq,Potential business contact matched from public LinkedIn search results. Profile role and current employment need confirmation.,Published business phone; not verified as this person’s direct number.,https://mvc-resources.com/,public_search_match,LinkedIn identifies a potential company contact; email and phone are published business routes and may reach a different employee. Confirm the appropriate decision maker and current role.
c5c20ce37de52f52,PositiveLinks Asia,"Recruitment, contracting, HR advisory and HR outsourcing",0,"Helps growth-stage companies find talent across Southeast Asia with recruitment, contracting and HR advisory, operating in Malaysia, the Philippines and Indonesia.",SME size and business contact reviewed; no buying intent confirmed.,MeiLing Foo,Current employee (role not specified),+60323810710,peoplematters@thepositivelinks.com,Public-source SME review,https://www.linkedin.com/company/positivelinks-asia/,,0,"Helps growth-stage companies find talent across Southeast Asia with recruitment, contracting and HR advisory, operating in Malaysia, the Philippines and Indonesia. Suggested introductory discussion about staff communication, writing, problem solving or workplace AI. Training needs have not been confirmed. Self-reported SME-size range and published business contact. Not an official SME certification or a confirmed buyer.",Communication Skills; Professional Business Writing; Critical Thinking and Problem Solving; AI Tools for Workplace Productivity,"Suggested introductory discussion about staff communication, writing, problem solving or workplace AI. Training needs have not been confirmed.",unclear,SME,Direct introductory outreach or trainer-partner discussion. Confirm any HRD claim requirements only if requested.,top,Scout public-source verification,Company-owned LinkedIn profile reports 11-50 employees. Self-reported public evidence; current headcount and formal SME status are not independently certified.,,SME screened from public sources — HRD Corp optional,"Helps growth-stage companies find talent across Southeast Asia with recruitment, contracting and HR advisory, operating in Malaysia, the Philippines and Indonesia.",https://www.linkedin.com/company/positivelinks-asia/,https://my.linkedin.com/in/meilingfoo,Potential business contact matched from public LinkedIn search results. Profile role and current employment need confirmation.,Published business phone; not verified as this person’s direct number.,https://www.thepositivelinks.com/contact/,public_search_match,LinkedIn identifies a potential company contact; email and phone are published business routes and may reach a different employee. Confirm the appropriate decision maker and current role.
123a71a49db269b3,Qarbotech,Agricultural biotechnology,0,Develops agricultural biotechnology to support crop productivity and sustainable agriculture.,SME size and business contact reviewed; no buying intent confirmed.,Chor Chee Hoe,CEO & Co-Founder,+60173585576,info@qarbotech.my,Public-source SME review,https://www.linkedin.com/company/qarbotech/,,0,"Develops agricultural biotechnology to support crop productivity and sustainable agriculture. Suggested introductory discussion about staff communication, writing, problem solving or workplace AI. Training needs have not been confirmed. Self-reported SME-size range and published business contact. Not an official SME certification or a confirmed buyer.",Communication Skills; Professional Business Writing; Critical Thinking and Problem Solving; AI Tools for Workplace Productivity,"Suggested introductory discussion about staff communication, writing, problem solving or workplace AI. Training needs have not been confirmed.",unclear,SME,Direct introductory outreach or trainer-partner discussion. Confirm any HRD claim requirements only if requested.,top,Scout public-source verification,Company-owned LinkedIn profile reports 11-50 employees. Self-reported public evidence; current headcount and formal SME status are not independently certified.,,SME screened from public sources — HRD Corp optional,Develops agricultural biotechnology to support crop productivity and sustainable agriculture.,https://www.linkedin.com/company/qarbotech/,https://my.linkedin.com/in/cheehoechor,Public profile affiliation checked; role and purchasing authority need confirmation.,Published business phone; not verified as this person’s direct number.,https://www.qarbotech.my/contact-us/,public_profile_match,LinkedIn identifies a potential company contact; email and phone are published business routes and may reach a different employee. Confirm the appropriate decision maker and current role.
cd4581a77a328f43,RFY Group,Construction technology / facade systems and interior fit-out,0,"Construction technology company specializing in façade systems and interior fit-out for high-rise and complex developments, from design and fabrication to installation.",SME size and business contact reviewed; no buying intent confirmed.,Nurul Hanis,Admin / Operations staff,+60356140351,info@rfy.my,Public-source SME review,https://www.linkedin.com/company/rfygroup/,,0,"Construction technology company specializing in façade systems and interior fit-out for high-rise and complex developments, from design and fabrication to installation. Suggested introductory discussion about staff communication, writing, problem solving or workplace AI. Training needs have not been confirmed. Self-reported SME-size range and published business contact. Not an official SME certification or a confirmed buyer.",Communication Skills; Professional Business Writing; Critical Thinking and Problem Solving; AI Tools for Workplace Productivity,"Suggested introductory discussion about staff communication, writing, problem solving or workplace AI. Training needs have not been confirmed.",unclear,SME,Direct introductory outreach or trainer-partner discussion. Confirm any HRD claim requirements only if requested.,top,Scout public-source verification,Company-owned LinkedIn profile reports 11-50 employees. Self-reported public evidence; current headcount and formal SME status are not independently certified.,,SME screened from public sources — HRD Corp optional,"Construction technology company specializing in façade systems and interior fit-out for high-rise and complex developments, from design and fabrication to installation.",https://www.linkedin.com/company/rfygroup/,https://my.linkedin.com/in/nurulhanis01,Potential business contact matched from public LinkedIn search results. Profile role and current employment need confirmation.,Published business phone; not verified as this person’s direct number.,https://rfy.my/,public_search_match,LinkedIn identifies a potential company contact; email and phone are published business routes and may reach a different employee. Confirm the appropriate decision maker and current role.
a8857fc283e6335a,SW1 Solutions,"Integrated consulting, interior design and construction solutions",0,"Integrated consulting, design and construction provider creating workplaces for the corporate, commercial and hospitality sectors since 2009.",SME size and business contact reviewed; no buying intent confirmed.,Swami Jayaraman,Founder & Managing Director,+60362049198,,Public-source SME review,https://www.linkedin.com/company/sw1-solutions-sdn-bhd/,,0,"Integrated consulting, design and construction provider creating workplaces for the corporate, commercial and hospitality sectors since 2009. Suggested introductory discussion about staff communication, writing, problem solving or workplace AI. Training needs have not been confirmed. Self-reported SME-size range and published business contact. Not an official SME certification or a confirmed buyer.",Communication Skills; Professional Business Writing; Critical Thinking and Problem Solving; AI Tools for Workplace Productivity,"Suggested introductory discussion about staff communication, writing, problem solving or workplace AI. Training needs have not been confirmed.",unclear,SME,Direct introductory outreach or trainer-partner discussion. Confirm any HRD claim requirements only if requested.,top,Scout public-source verification,Company-owned LinkedIn profile reports 11-50 employees. Self-reported public evidence; current headcount and formal SME status are not independently certified.,,SME screened from public sources — HRD Corp optional,"Integrated consulting, design and construction provider creating workplaces for the corporate, commercial and hospitality sectors since 2009.",https://www.linkedin.com/company/sw1-solutions-sdn-bhd/,https://my.linkedin.com/in/swami-jayaraman-4979901,Potential business contact matched from public LinkedIn search results. Profile role and current employment need confirmation.,Published business phone; not verified as this person’s direct number.,https://sw1.solutions/contact-us/,public_search_match,LinkedIn identifies a potential company contact; email and phone are published business routes and may reach a different employee. Confirm the appropriate decision maker and current role.
132ad4f1c1359bc1,SynergenOG,Engineering consultancy - process safety and technical risk,0,"Independent engineering consultancy specializing in process safety, technical risk and operational safety services for oil, gas and energy clients.",SME size and business contact reviewed; no buying intent confirmed.,Kadambeswaran B,Founder / Commercial & Marketing Leader,+60322761881,,Public-source SME review,https://www.linkedin.com/company/synergenog/,,0,"Independent engineering consultancy specializing in process safety, technical risk and operational safety services for oil, gas and energy clients. Suggested introductory discussion about staff communication, writing, problem solving or workplace AI. Training needs have not been confirmed. Self-reported SME-size range and published business contact. Not an official SME certification or a confirmed buyer.",Communication Skills; Professional Business Writing; Critical Thinking and Problem Solving; AI Tools for Workplace Productivity,"Suggested introductory discussion about staff communication, writing, problem solving or workplace AI. Training needs have not been confirmed.",unclear,SME,Direct introductory outreach or trainer-partner discussion. Confirm any HRD claim requirements only if requested.,top,Scout public-source verification,Company-owned LinkedIn profile reports 11-50 employees. Self-reported public evidence; current headcount and formal SME status are not independently certified.,,SME screened from public sources — HRD Corp optional,"Independent engineering consultancy specializing in process safety, technical risk and operational safety services for oil, gas and energy clients.",https://www.linkedin.com/company/synergenog/,https://my.linkedin.com/in/kadambeswaran,Potential business contact matched from public LinkedIn search results. Profile role and current employment need confirmation.,Published business phone; not verified as this person’s direct number.,https://synergenog.com/,public_search_match,LinkedIn identifies a potential company contact; email and phone are published business routes and may reach a different employee. Confirm the appropriate decision maker and current role.
0f313368114f80af,WISE AI,Artificial intelligence / digital identity verification (eKYC),0,"AI company specializing in eKYC and digital identity verification, offering face verification, liveness detection, small language models and AI agents for ASEAN.",SME size and business contact reviewed; no buying intent confirmed.,Chern Loon Lim,Current employee (role not specified),,hello@wiseai.tech,Public-source SME review,https://www.linkedin.com/company/wise-ai/,,0,"AI company specializing in eKYC and digital identity verification, offering face verification, liveness detection, small language models and AI agents for ASEAN. Suggested introductory discussion about staff communication, writing, problem solving or workplace AI. Training needs have not been confirmed. Self-reported SME-size range and published business contact. Not an official SME certification or a confirmed buyer.",Communication Skills; Professional Business Writing; Critical Thinking and Problem Solving; AI Tools for Workplace Productivity,"Suggested introductory discussion about staff communication, writing, problem solving or workplace AI. Training needs have not been confirmed.",unclear,SME,Direct introductory outreach or trainer-partner discussion. Confirm any HRD claim requirements only if requested.,top,Scout public-source verification,Company-owned LinkedIn profile reports 11-50 employees. Self-reported public evidence; current headcount and formal SME status are not independently certified.,,SME screened from public sources — HRD Corp optional,"AI company specializing in eKYC and digital identity verification, offering face verification, liveness detection, small language models and AI agents for ASEAN.",https://www.linkedin.com/company/wise-ai/,https://my.linkedin.com/in/chern-loon-lim-phd-353b7514a,Potential business contact matched from public LinkedIn search results. Profile role and current employment need confirmation.,No verified public business phone found.,,public_search_match,LinkedIn identifies a potential company contact; email and phone are published business routes and may reach a different employee. Confirm the appropriate decision maker and current role.
