company,website,domain,employeeRangeScreen,sizeStatus,levyStatus,levyEvidence,email,phone,sourceUrl,discoveredAt,qualificationStatus
"VHR Consultancy","http://www.vhrconsultancy.com","vhrconsultancy.com","11–50 (Apollo filter; not independently verified)","needs_verification","unverified","","","","https://app.apollo.io/#/organizations/556deec3736964113b060900","2026-10-01","Research queue — not approved for levy-funded outreach"
"Oil And Gas Asia (Official)","http://www.oilandgas-asia.com","oilandgas-asia.com","11–50 (Apollo filter; not independently verified)","needs_verification","unverified","","","","https://app.apollo.io/#/organizations/5da3095f256a9500015227bd","2026-10-01","Research queue — not approved for levy-funded outreach"
"Bell Ward Malaysia","http://www.bell-ward.com","bell-ward.com","11–50 (Apollo filter; not independently verified)","needs_verification","unverified","","","","https://app.apollo.io/#/organizations/556da2697369641258065501","2026-10-01","Research queue — not approved for levy-funded outreach"
"PositiveLinks Asia","http://www.thepositivelinks.com","thepositivelinks.com","11–50 (Apollo filter; not independently verified)","needs_verification","unverified","","","","https://app.apollo.io/#/organizations/54a11e1669702d84c5fc3f01","2026-10-01","Research queue — not approved for levy-funded outreach"
"Jobs Malaysia - Two95 HR HUB","http://www.two95hrhub.com","two95hrhub.com","11–50 (Apollo filter; not independently verified)","needs_verification","unverified","","","","https://app.apollo.io/#/organizations/5da41a92ce6ed3000166c2f3","2026-10-01","Research queue — not approved for levy-funded outreach"
"MVC Resources","http://www.mvc-resources.com","mvc-resources.com","11–50 (Apollo filter; not independently verified)","needs_verification","unverified","","","","https://app.apollo.io/#/organizations/5a9e660fa6da98d9664525d1","2026-10-01","Research queue — not approved for levy-funded outreach"
"Epicareer","http://www.epicareer.com","epicareer.com","11–50 (Apollo filter; not independently verified)","needs_verification","unverified","","","","https://app.apollo.io/#/organizations/61ec43e14823b40001a98301","2026-10-01","Research queue — not approved for levy-funded outreach"
"Asian International Arbitration Centre","http://www.aiac.world","aiac.world","11–50 (Apollo filter; not independently verified)","needs_verification","unverified","","","","https://app.apollo.io/#/organizations/5b83bdb9f874f75388385031","2026-10-01","Research queue — not approved for levy-funded outreach"
"TG Malaysia","http://www.tg-hr.com.my","tg-hr.com.my","11–50 (Apollo filter; not independently verified)","needs_verification","unverified","","","","https://app.apollo.io/#/organizations/5fc8f66882663000018f0c5e","2026-10-01","Research queue — not approved for levy-funded outreach"
"The Malaysian Oil, Gas & Energy Services Council (MOGSC)","http://www.mogsc.org","mogsc.org","11–50 (Apollo filter; not independently verified)","needs_verification","unverified","","","","https://app.apollo.io/#/organizations/5f4b15625eea310001663a2e","2026-10-01","Research queue — not approved for levy-funded outreach"
"Career Channel Executive Search","http://www.careerchannel.com.my","careerchannel.com.my","11–50 (Apollo filter; not independently verified)","needs_verification","unverified","","","","https://app.apollo.io/#/organizations/54a27db674686935be2ae226","2026-10-01","Research queue — not approved for levy-funded outreach"
"Language Talent Solutions Sdn Bhd","http://www.languagetalentsolutions.com","languagetalentsolutions.com","11–50 (Apollo filter; not independently verified)","needs_verification","unverified","","","","https://app.apollo.io/#/organizations/5da4058d39885b000129f210","2026-10-01","Research queue — not approved for levy-funded outreach"
"Trees Engineering","http://www.trees-engineering.com","trees-engineering.com","11–50 (Apollo filter; not independently verified)","needs_verification","unverified","","","","https://app.apollo.io/#/organizations/60f2e53e7b2f1200014c57f5","2026-10-01","Research queue — not approved for levy-funded outreach"
"Monfi Digital Bank","http://www.monfibank.com","monfibank.com","11–50 (Apollo filter; not independently verified)","needs_verification","unverified","","","","https://app.apollo.io/#/organizations/63d59df8d9dfab0001f7091b","2026-10-01","Research queue — not approved for levy-funded outreach"
"EdgeProp Malaysia","http://www.edgeprop.my","edgeprop.my","11–50 (Apollo filter; not independently verified)","needs_verification","unverified","","","","https://app.apollo.io/#/organizations/5a9ddc51a6da98d96d820afe","2026-10-01","Research queue — not approved for levy-funded outreach"
"Enersea Resources","http://www.enersea.com.my","enersea.com.my","11–50 (Apollo filter; not independently verified)","needs_verification","unverified","","","","https://app.apollo.io/#/organizations/556d9c2a73696411de575201","2026-10-01","Research queue — not approved for levy-funded outreach"
"Islamic Finance News","http://www.islamicfinancenews.com","islamicfinancenews.com","11–50 (Apollo filter; not independently verified)","needs_verification","unverified","","","","https://app.apollo.io/#/organizations/5b8680fcf874f70e26d07e8b","2026-10-01","Research queue — not approved for levy-funded outreach"
"Asia Recruit (Permanent, Contract, & Executive Recruitment)","http://www.asiarecruit.com.my","asiarecruit.com.my","11–50 (Apollo filter; not independently verified)","needs_verification","unverified","","","","https://app.apollo.io/#/organizations/54a12a9869702d8cfc9e5802","2026-10-01","Research queue — not approved for levy-funded outreach"
"Alkahfi Lestari Oil & Gas Sdn Bhd","http://www.alkahfilog.com.my","alkahfilog.com.my","11–50 (Apollo filter; not independently verified)","needs_verification","unverified","","","","https://app.apollo.io/#/organizations/5a9cb85ea6da98d985282c72","2026-10-01","Research queue — not approved for levy-funded outreach"
"PeopleLAKE Group","http://www.peoplelake.asia","peoplelake.asia","11–50 (Apollo filter; not independently verified)","needs_verification","unverified","","","","https://app.apollo.io/#/organizations/60b34cad73b79600012635bd","2026-10-01","Research queue — not approved for levy-funded outreach"
"Great Pyramid","http://www.greatpyramid.com.my","greatpyramid.com.my","11–50 (Apollo filter; not independently verified)","needs_verification","unverified","","","","https://app.apollo.io/#/organizations/56d441c8f3e5bb14ff00354e","2026-10-01","Research queue — not approved for levy-funded outreach"
"Acestar Sdn Bhd","http://www.acestar.my","acestar.my","11–50 (Apollo filter; not independently verified)","needs_verification","unverified","","","","https://app.apollo.io/#/organizations/5b140a26a6da98dcbf6d2aff","2026-10-01","Research queue — not approved for levy-funded outreach"
"Excelerate","http://www.excelerate.asia","excelerate.asia","11–50 (Apollo filter; not independently verified)","needs_verification","unverified","","","","https://app.apollo.io/#/organizations/63b3aef4eb969f01262d1a68","2026-10-01","Research queue — not approved for levy-funded outreach"
"Yayasan Hasanah","http://www.yayasanhasanah.org","yayasanhasanah.org","11–50 (Apollo filter; not independently verified)","needs_verification","unverified","","","","https://app.apollo.io/#/organizations/5e56f824e80e080001a9162e","2026-10-01","Research queue — not approved for levy-funded outreach"
"CADS AI","http://www.cads.ai","cads.ai","11–50 (Apollo filter; not independently verified)","needs_verification","unverified","","","","https://app.apollo.io/#/organizations/5d362edbf651259ffecc6d2b","2026-10-01","Research queue — not approved for levy-funded outreach"
"Malaysian Sustainable Palm Oil (MSPO)","http://www.mspo.org.my","mspo.org.my","11–50 (Apollo filter; not independently verified)","needs_verification","unverified","","","","https://app.apollo.io/#/organizations/5a9d81f0a6da98d9a159490a","2026-10-01","Research queue — not approved for levy-funded outreach"
"Cause Effect Digital","http://www.causeeffect.asia","causeeffect.asia","11–50 (Apollo filter; not independently verified)","needs_verification","unverified","","","","https://app.apollo.io/#/organizations/5a9cb969a6da98d932df3f64","2026-10-01","Research queue — not approved for levy-funded outreach"
"British Malaysian Chamber of Commerce (BMCC)","http://www.bmcc.org.my","bmcc.org.my","11–50 (Apollo filter; not independently verified)","needs_verification","unverified","","","","https://app.apollo.io/#/organizations/54a1282469702d979c33e600","2026-10-01","Research queue — not approved for levy-funded outreach"
"Oxydata Software Sdn Bhd","http://www.oxydata.ai","oxydata.ai","11–50 (Apollo filter; not independently verified)","needs_verification","unverified","","","","https://app.apollo.io/#/organizations/5da46e3203c66e0001c10b77","2026-10-01","Research queue — not approved for levy-funded outreach"
"GP Outsourcing Asia Sdn Bhd","http://www.gpoasia.com","gpoasia.com","11–50 (Apollo filter; not independently verified)","needs_verification","unverified","","","","https://app.apollo.io/#/organizations/5ed80f433529790001f8413b","2026-10-01","Research queue — not approved for levy-funded outreach"
"JJO Pentester Enterprise","http://www.jjopentester.com","jjopentester.com","11–50 (Apollo filter; not independently verified)","needs_verification","unverified","","","","https://app.apollo.io/#/organizations/6161a6705086b30001d21f1e","2026-10-01","Research queue — not approved for levy-funded outreach"
"Boost Connect","http://www.myboost.com.my","myboost.com.my","11–50 (Apollo filter; not independently verified)","needs_verification","unverified","","","","https://app.apollo.io/#/organizations/66e679c7819ffa00016de81f","2026-10-01","Research queue — not approved for levy-funded outreach"
"Kaodim","http://www.kaodim.com","kaodim.com","11–50 (Apollo filter; not independently verified)","needs_verification","unverified","","","","https://app.apollo.io/#/organizations/5569ac8673696425696d7900","2026-10-01","Research queue — not approved for levy-funded outreach"
"Entermind AI","http://www.entermind.com","entermind.com","11–50 (Apollo filter; not independently verified)","needs_verification","unverified","","","","https://app.apollo.io/#/organizations/68b710f38b38a2001106f1c4","2026-10-01","Research queue — not approved for levy-funded outreach"
"Jelawang Capital","http://www.jelawangcapital.com","jelawangcapital.com","11–50 (Apollo filter; not independently verified)","needs_verification","unverified","","","","https://app.apollo.io/#/organizations/671f4d6e06ab0f01b17d17da","2026-10-01","Research queue — not approved for levy-funded outreach"
"Conspec Builders Malaysia","http://www.conspecbuilders.com","conspecbuilders.com","11–50 (Apollo filter; not independently verified)","needs_verification","unverified","","","","https://app.apollo.io/#/organizations/5b141828a6da98dd199ee237","2026-10-01","Research queue — not approved for levy-funded outreach"
"Selangor Kerjaya","http://www.selangorkerjaya.com.my","selangorkerjaya.com.my","11–50 (Apollo filter; not independently verified)","needs_verification","unverified","","","","https://app.apollo.io/#/organizations/601b6b1d4ea3a500cab7a7df","2026-10-01","Research queue — not approved for levy-funded outreach"
"Arbeit Group","http://www.arbeitconsultancy.com","arbeitconsultancy.com","11–50 (Apollo filter; not independently verified)","needs_verification","unverified","","","","https://app.apollo.io/#/organizations/55fa3dcef3e5bb593a0004e7","2026-10-01","Research queue — not approved for levy-funded outreach"
"AGTC Genomics","http://www.agtcgenomics.com","agtcgenomics.com","11–50 (Apollo filter; not independently verified)","needs_verification","unverified","","","","https://app.apollo.io/#/organizations/61caf1686a780001128c037d","2026-10-01","Research queue — not approved for levy-funded outreach"
"AMCHAM Malaysia (American Malaysian Chamber of Commerce)","http://www.amcham.com.my","amcham.com.my","11–50 (Apollo filter; not independently verified)","needs_verification","unverified","","","","https://app.apollo.io/#/organizations/54a1354069702d3cbb36a200","2026-10-01","Research queue — not approved for levy-funded outreach"
"EUROCHAM Malaysia","http://www.eurocham.my","eurocham.my","11–50 (Apollo filter; not independently verified)","needs_verification","unverified","","","","https://app.apollo.io/#/organizations/5592378873696424de13a000","2026-10-01","Research queue — not approved for levy-funded outreach"
"Ping Petroleum Limited","http://www.pingpetroleum.com","pingpetroleum.com","11–50 (Apollo filter; not independently verified)","needs_verification","unverified","","","","https://app.apollo.io/#/organizations/54a1352769702d2db4c4e400","2026-10-01","Research queue — not approved for levy-funded outreach"
"Petrogroup Sdn. Bhd.","http://www.petrogroup.com.my","petrogroup.com.my","11–50 (Apollo filter; not independently verified)","needs_verification","unverified","","","","https://app.apollo.io/#/organizations/5da49fbcf09b160001d1e439","2026-10-01","Research queue — not approved for levy-funded outreach"
"Recruit Express Malaysia","http://www.recruitexpress.com.my","recruitexpress.com.my","11–50 (Apollo filter; not independently verified)","needs_verification","unverified","","","","https://app.apollo.io/#/organizations/5e57e3615c00fd000192b603","2026-10-01","Research queue — not approved for levy-funded outreach"
"HATA","http://www.hata.io","hata.io","11–50 (Apollo filter; not independently verified)","needs_verification","unverified","","","","https://app.apollo.io/#/organizations/64704aea675e8100014611d5","2026-10-01","Research queue — not approved for levy-funded outreach"
"Prota Software","http://www.protasoftware.com","protasoftware.com","11–50 (Apollo filter; not independently verified)","needs_verification","unverified","","","","https://app.apollo.io/#/organizations/5f48a381acd2990001e00c09","2026-10-01","Research queue — not approved for levy-funded outreach"
"BRANDTHINK Malaysia","http://www.brandthink.com","brandthink.com","11–50 (Apollo filter; not independently verified)","needs_verification","unverified","","","","https://app.apollo.io/#/organizations/5ed211316503a4000153aae2","2026-10-01","Research queue — not approved for levy-funded outreach"
"MyHSR Corporation","http://www.myhsr.com.my","myhsr.com.my","11–50 (Apollo filter; not independently verified)","needs_verification","unverified","","","","https://app.apollo.io/#/organizations/56d63b49f3e5bb3a3a001981","2026-10-01","Research queue — not approved for levy-funded outreach"
"Ingenious Job","http://www.ingeniousjob.com","ingeniousjob.com","11–50 (Apollo filter; not independently verified)","needs_verification","unverified","","","","https://app.apollo.io/#/organizations/556d1553736964123d898100","2026-10-01","Research queue — not approved for levy-funded outreach"
"IntelliS Offshore®","http://www.intellisglobal.com","intellisglobal.com","11–50 (Apollo filter; not independently verified)","needs_verification","unverified","","","","https://app.apollo.io/#/organizations/661e2b7d2b0d840007da52e0","2026-10-01","Research queue — not approved for levy-funded outreach"
"Malaysia Aerospace Industry Association","http://www.maia.my","maia.my","11–50 (Apollo filter; not independently verified)","needs_verification","unverified","","","","https://app.apollo.io/#/organizations/613e160c003bdb0001c56d7f","2026-10-01","Research queue — not approved for levy-funded outreach"
"Malaysian Biotechnology Information Centre","http://www.bic.org.my","bic.org.my","11–50 (Apollo filter; not independently verified)","needs_verification","unverified","","","","https://app.apollo.io/#/organizations/54a139a069702d2bfd726e00","2026-10-01","Research queue — not approved for levy-funded outreach"
"T7 Intelligent Resources","http://www.t7intelligent.com","t7intelligent.com","11–50 (Apollo filter; not independently verified)","needs_verification","unverified","","","","https://app.apollo.io/#/organizations/60b29f582311cd00011c024b","2026-10-01","Research queue — not approved for levy-funded outreach"
"Piktochart","http://www.piktochart.com","piktochart.com","11–50 (Apollo filter; not independently verified)","needs_verification","unverified","","","","https://app.apollo.io/#/organizations/54a129c669702d9b8b5bd101","2026-10-01","Research queue — not approved for levy-funded outreach"
"Malaysian-German Chamber of Commerce and Industry | AHK Malaysia","http://malaysia.ahk.de","malaysia.ahk.de","11–50 (Apollo filter; not independently verified)","needs_verification","unverified","","","","https://app.apollo.io/#/organizations/5b147c0fa6da98715929d148","2026-10-01","Research queue — not approved for levy-funded outreach"
"Aworldtec Engineering Sdn. Bhd.","http://www.aworldtec.com.my","aworldtec.com.my","11–50 (Apollo filter; not independently verified)","needs_verification","unverified","","","","https://app.apollo.io/#/organizations/556cea4973696412435f5400","2026-10-01","Research queue — not approved for levy-funded outreach"
"Selangor Information Technology & Digital Economy Corporation (Sidec)","http://www.sidec.com.my","sidec.com.my","11–50 (Apollo filter; not independently verified)","needs_verification","unverified","","","","https://app.apollo.io/#/organizations/60af4a6bc4fb5a0001169574","2026-10-01","Research queue — not approved for levy-funded outreach"
"UNIVERSITI INDUSTRI SELANGOR","http://www.unisel.edu.my","unisel.edu.my","11–50 (Apollo filter; not independently verified)","needs_verification","unverified","","","","https://app.apollo.io/#/organizations/5592415173696418d2dcfa00","2026-10-01","Research queue — not approved for levy-funded outreach"
"Real Project Management Sdn Bhd (RPM)","http://www.realpm-intl.com","realpm-intl.com","11–50 (Apollo filter; not independently verified)","needs_verification","unverified","","","","https://app.apollo.io/#/organizations/556df3d4736964109ce91200","2026-10-01","Research queue — not approved for levy-funded outreach"
"UN Global Compact Network Malaysia, Brunei & Cambodia","http://www.ungcmbc.org","ungcmbc.org","11–50 (Apollo filter; not independently verified)","needs_verification","unverified","","","","https://app.apollo.io/#/organizations/5e55bdbd8391bd00012a4bc9","2026-10-01","Research queue — not approved for levy-funded outreach"
"hiredNOW","http://www.hirednow.com.my","hirednow.com.my","11–50 (Apollo filter; not independently verified)","needs_verification","unverified","","","","https://app.apollo.io/#/organizations/5f4982f80dc6f8000109a16b","2026-10-01","Research queue — not approved for levy-funded outreach"
"Asian-Pacific Resource & Research Centre for Women (ARROW)","http://www.arrow.org.my","arrow.org.my","11–50 (Apollo filter; not independently verified)","needs_verification","unverified","","","","https://app.apollo.io/#/organizations/5f3f487c19019c0001f634d0","2026-10-01","Research queue — not approved for levy-funded outreach"
"Corvan","http://www.corvan.com.my","corvan.com.my","11–50 (Apollo filter; not independently verified)","needs_verification","unverified","","","","https://app.apollo.io/#/organizations/54a128fd69702d8eeba1b001","2026-10-01","Research queue — not approved for levy-funded outreach"
"ASEM - Advanced Semiconductor Academy of Malaysia","http://www.asemedu.com","asemedu.com","11–50 (Apollo filter; not independently verified)","needs_verification","unverified","","","","https://app.apollo.io/#/organizations/678e68ffa1a819062943dd42","2026-10-01","Research queue — not approved for levy-funded outreach"
"Geek Fam","http://www.geekfam.asia","geekfam.asia","11–50 (Apollo filter; not independently verified)","needs_verification","unverified","","","","https://app.apollo.io/#/organizations/5da49776988bdd0001816cff","2026-10-01","Research queue — not approved for levy-funded outreach"
"Stamford College","http://www.stamford.edu.my","stamford.edu.my","11–50 (Apollo filter; not independently verified)","needs_verification","unverified","","","","https://app.apollo.io/#/organizations/54a1215069702da10f64ce02","2026-10-01","Research queue — not approved for levy-funded outreach"
"360DigiTMG Malaysia","http://www.gaogy-rheart-noay.yolasite.com","gaogy-rheart-noay.yolasite.com","11–50 (Apollo filter; not independently verified)","needs_verification","unverified","","","","https://app.apollo.io/#/organizations/5e577ad2fefac200015fb9a6","2026-10-01","Research queue — not approved for levy-funded outreach"
"Devloit","http://www.devloit.com","devloit.com","11–50 (Apollo filter; not independently verified)","needs_verification","unverified","","","","https://app.apollo.io/#/organizations/64a4ec841229bf000193d1b6","2026-10-01","Research queue — not approved for levy-funded outreach"
"Selangor Human Resource Development Centre (SHRDC)","http://www.shrdc.org.my","shrdc.org.my","11–50 (Apollo filter; not independently verified)","needs_verification","unverified","","","","https://app.apollo.io/#/organizations/5e76ba1b47fcf700987b8f99","2026-10-01","Research queue — not approved for levy-funded outreach"
"Orione Softtech","http://www.orionesofttech.com","orionesofttech.com","11–50 (Apollo filter; not independently verified)","needs_verification","unverified","","","","https://app.apollo.io/#/organizations/64a37dbb7065a200a3ebdcc8","2026-10-01","Research queue — not approved for levy-funded outreach"
"National Aerospace Industry Corporation Malaysia (NAICO Malaysia)","http://www.naicomalaysia.my","naicomalaysia.my","11–50 (Apollo filter; not independently verified)","needs_verification","unverified","","","","https://app.apollo.io/#/organizations/64ad01a220b20400011bd12a","2026-10-01","Research queue — not approved for levy-funded outreach"
"Kloudynet","http://www.kloudynet.com","kloudynet.com","11–50 (Apollo filter; not independently verified)","needs_verification","unverified","","","","https://app.apollo.io/#/organizations/5a9d25c1a6da98d99a3b12b2","2026-10-01","Research queue — not approved for levy-funded outreach"
"Redtech Offshore Sdn. Bhd.","http://www.redtechoffshore.com","redtechoffshore.com","11–50 (Apollo filter; not independently verified)","needs_verification","unverified","","","","https://app.apollo.io/#/organizations/5a9f0b0fa6da98d932e7619c","2026-10-01","Research queue — not approved for levy-funded outreach"
"L2","http://www.l2icon.org","l2icon.org","11–50 (Apollo filter; not independently verified)","needs_verification","unverified","","","","https://app.apollo.io/#/organizations/5f4a1ece4d23100001616da3","2026-10-01","Research queue — not approved for levy-funded outreach"
"Ethis","http://www.ethis.co","ethis.co","11–50 (Apollo filter; not independently verified)","needs_verification","unverified","","","","https://app.apollo.io/#/organizations/5d35c548a3ae61393e0beecb","2026-10-01","Research queue — not approved for levy-funded outreach"
"Malaysia Semiconductor Industry Association","http://www.msia.org.my","msia.org.my","11–50 (Apollo filter; not independently verified)","needs_verification","unverified","","","","https://app.apollo.io/#/organizations/64738db4c05165000164cbce","2026-10-01","Research queue — not approved for levy-funded outreach"
"Agensi Pekerjaan & Perundingcara Bright Prospect Sdn Bhd","http://www.brightprospect.com.my","brightprospect.com.my","11–50 (Apollo filter; not independently verified)","needs_verification","unverified","","","","https://app.apollo.io/#/organizations/55ea9928f3e5bb7e5f000bed","2026-10-01","Research queue — not approved for levy-funded outreach"
"XTS TECHNOLOGIES SDN BHD","http://www.xtstech.com","xtstech.com","11–50 (Apollo filter; not independently verified)","needs_verification","unverified","","","","https://app.apollo.io/#/organizations/5f4b10fdeab77a0001f8e95d","2026-10-01","Research queue — not approved for levy-funded outreach"
"LKK Global","http://www.lkk.global","lkk.global","11–50 (Apollo filter; not independently verified)","needs_verification","unverified","","","","https://app.apollo.io/#/organizations/5fcb207ce2bca100013b5e49","2026-10-01","Research queue — not approved for levy-funded outreach"
"FIND Talents","http://www.findtalents.co","findtalents.co","11–50 (Apollo filter; not independently verified)","needs_verification","unverified","","","","https://app.apollo.io/#/organizations/60aecb3ceac7a200019667be","2026-10-01","Research queue — not approved for levy-funded outreach"
"admiral.digital","http://www.admiral.digital","admiral.digital","11–50 (Apollo filter; not independently verified)","needs_verification","unverified","","","","https://app.apollo.io/#/organizations/55921e1373696418e9847900","2026-10-01","Research queue — not approved for levy-funded outreach"
"Marketing In Asia","http://www.marketinginasia.com","marketinginasia.com","11–50 (Apollo filter; not independently verified)","needs_verification","unverified","","","","https://app.apollo.io/#/organizations/5c21b95af65125067feef510","2026-10-01","Research queue — not approved for levy-funded outreach"
"Payd","http://www.paydflex.com","paydflex.com","11–50 (Apollo filter; not independently verified)","needs_verification","unverified","","","","https://app.apollo.io/#/organizations/602d85faecd7b000e2b22979","2026-10-01","Research queue — not approved for levy-funded outreach"
"Sapura Technics","http://www.sapura-technics.com","sapura-technics.com","11–50 (Apollo filter; not independently verified)","needs_verification","unverified","","","","https://app.apollo.io/#/organizations/5e2eafba30b4bd00f27acb8d","2026-10-01","Research queue — not approved for levy-funded outreach"
"Minde Group (Recruitment Company)","http://www.minde.com.my","minde.com.my","11–50 (Apollo filter; not independently verified)","needs_verification","unverified","","","","https://app.apollo.io/#/organizations/556d140f736964122fc48900","2026-10-01","Research queue — not approved for levy-funded outreach"
"Beanstalkedu","http://www.beanstalkedu.com","beanstalkedu.com","11–50 (Apollo filter; not independently verified)","needs_verification","unverified","","","","https://app.apollo.io/#/organizations/615e7eadd42fd60001060a0c","2026-10-01","Research queue — not approved for levy-funded outreach"
"Sales Ninja Training","http://www.salesninja.asia","salesninja.asia","11–50 (Apollo filter; not independently verified)","needs_verification","unverified","","","","https://app.apollo.io/#/organizations/556da5eb7369641258095b01","2026-10-01","Research queue — not approved for levy-funded outreach"
"eLawyer Recruitment","http://www.elawyer.com.my","elawyer.com.my","11–50 (Apollo filter; not independently verified)","needs_verification","unverified","","","","https://app.apollo.io/#/organizations/54a11d3469702d8ccc9bf200","2026-10-01","Research queue — not approved for levy-funded outreach"
"Getrosoft","http://www.getrosoft.com","getrosoft.com","11–50 (Apollo filter; not independently verified)","needs_verification","unverified","","","","https://app.apollo.io/#/organizations/5f3da7872a52bb00012d9025","2026-10-01","Research queue — not approved for levy-funded outreach"
"CHIS Internationals","http://www.chisgroup.com","chisgroup.com","11–50 (Apollo filter; not independently verified)","needs_verification","unverified","","","","https://app.apollo.io/#/organizations/54a1290a69702d9313d36d01","2026-10-01","Research queue — not approved for levy-funded outreach"
"Mumtaz Energy","http://www.mumtaz.com.my","mumtaz.com.my","11–50 (Apollo filter; not independently verified)","needs_verification","unverified","","","","https://app.apollo.io/#/organizations/60b319adc9b002000108baaa","2026-10-01","Research queue — not approved for levy-funded outreach"
"OUS Group","http://www.ous.com.my","ous.com.my","11–50 (Apollo filter; not independently verified)","needs_verification","unverified","","","","https://app.apollo.io/#/organizations/65448b07dc42cd00d258f2a5","2026-10-01","Research queue — not approved for levy-funded outreach"
"Sabah Oil & Gas Development Corporation Sdn Bhd","http://www.sogip.com.my","sogip.com.my","11–50 (Apollo filter; not independently verified)","needs_verification","unverified","","","","https://app.apollo.io/#/organizations/5e581b56cecdff0001952386","2026-10-01","Research queue — not approved for levy-funded outreach"
"Audi Malaysia","http://www.audi.com.my","audi.com.my","11–50 (Apollo filter; not independently verified)","needs_verification","unverified","","","","https://app.apollo.io/#/organizations/5b156d44a6da987143afb94d","2026-10-01","Research queue — not approved for levy-funded outreach"
"LamboPlace","http://www.lamboplace.com","lamboplace.com","11–50 (Apollo filter; not independently verified)","needs_verification","unverified","","","","https://app.apollo.io/#/organizations/5cb90db780f93ecfdd5d6963","2026-10-01","Research queue — not approved for levy-funded outreach"
"THINKPLUS CONSULTING","http://www.greenskillstalent.com","greenskillstalent.com","11–50 (Apollo filter; not independently verified)","needs_verification","unverified","","","","https://app.apollo.io/#/organizations/54a11bab69702d97c1a95600","2026-10-01","Research queue — not approved for levy-funded outreach"
"Association of Islamic Banking and Financial Institutions Malaysia (AIBIM)","http://www.aibim.com","aibim.com","11–50 (Apollo filter; not independently verified)","needs_verification","unverified","","","","https://app.apollo.io/#/organizations/5b15dfb2a6da987143b1b528","2026-10-01","Research queue — not approved for levy-funded outreach"
"Cortez Subsea","http://www.cortezsubsea.com","cortezsubsea.com","11–50 (Apollo filter; not independently verified)","needs_verification","unverified","","","","https://app.apollo.io/#/organizations/5f42f60e93179a00018fe2ba","2026-10-01","Research queue — not approved for levy-funded outreach"
"Angkasa-X","http://www.angkasax-innovation.com","angkasax-innovation.com","11–50 (Apollo filter; not independently verified)","needs_verification","unverified","","","","https://app.apollo.io/#/organizations/6109f12f2ee32800f6c8a9da","2026-10-01","Research queue — not approved for levy-funded outreach"
"Paywatch","http://www.paywatchglobal.com","paywatchglobal.com","11–50 (Apollo filter; not independently verified)","needs_verification","unverified","","","","https://app.apollo.io/#/organizations/5fbb35c2b96f2100c8ac41be","2026-10-01","Research queue — not approved for levy-funded outreach"
"RICEBOWL.MY","http://www.ricebowl.my","ricebowl.my","11–50 (Apollo filter; not independently verified)","needs_verification","unverified","","","","https://app.apollo.io/#/organizations/56e2279ff3e5bb2eaf000a86","2026-10-01","Research queue — not approved for levy-funded outreach"
"Asian Institute of Alternative Dispute Resolution","http://www.aiadr.world","aiadr.world","11–50 (Apollo filter; not independently verified)","needs_verification","unverified","","","","https://app.apollo.io/#/organizations/5e56e91520e7010001bd732c","2026-10-01","Research queue — not approved for levy-funded outreach"
"Lirunex Limited","http://www.lirunex.com","lirunex.com","11–50 (Apollo filter; not independently verified)","needs_verification","unverified","","","","https://app.apollo.io/#/organizations/5fc803ada73beb000145b3ec","2026-10-01","Research queue — not approved for levy-funded outreach"
"Sinergia Talents Sdn Bhd","http://www.sinergia.my","sinergia.my","11–50 (Apollo filter; not independently verified)","needs_verification","unverified","","","","https://app.apollo.io/#/organizations/60afa73b32a09f0001d492c9","2026-10-01","Research queue — not approved for levy-funded outreach"
"MSP Hitect","http://www.msphitect.com.my","msphitect.com.my","11–50 (Apollo filter; not independently verified)","needs_verification","unverified","","","","https://app.apollo.io/#/organizations/5e5969160b10e40001b25fa8","2026-10-01","Research queue — not approved for levy-funded outreach"
"NEXEA - Venture Capital, Angel Investors & Accelerator","http://www.nexea.co","nexea.co","11–50 (Apollo filter; not independently verified)","needs_verification","unverified","","","","https://app.apollo.io/#/organizations/5da6ae62de33e80001b9d93c","2026-10-01","Research queue — not approved for levy-funded outreach"
"Caspian Digital Solutions","http://www.caspiands.com","caspiands.com","11–50 (Apollo filter; not independently verified)","needs_verification","unverified","","","","https://app.apollo.io/#/organizations/5da96bd55093b800da470f3e","2026-10-01","Research queue — not approved for levy-funded outreach"
"AMTECH GROUP","http://www.amtech.com.my","amtech.com.my","11–50 (Apollo filter; not independently verified)","needs_verification","unverified","","","","https://app.apollo.io/#/organizations/60f66dc23c3b7300015b0149","2026-10-01","Research queue — not approved for levy-funded outreach"
"LeadWomen","http://www.lead-women.com","lead-women.com","11–50 (Apollo filter; not independently verified)","needs_verification","unverified","","","","https://app.apollo.io/#/organizations/5a9dc0a2a6da98d96640ad32","2026-10-01","Research queue — not approved for levy-funded outreach"
"Talreso Consultancy and Advisory","http://www.talreso.com","talreso.com","11–50 (Apollo filter; not independently verified)","needs_verification","unverified","","","","https://app.apollo.io/#/organizations/5e579c777defa50001b6c6ff","2026-10-01","Research queue — not approved for levy-funded outreach"
"1337 Ventures","http://www.1337.ventures","1337.ventures","11–50 (Apollo filter; not independently verified)","needs_verification","unverified","","","","https://app.apollo.io/#/organizations/54a120fb69702da425a29402","2026-10-01","Research queue — not approved for levy-funded outreach"
"Invigour Energy","http://www.invigourenergy.com","invigourenergy.com","11–50 (Apollo filter; not independently verified)","needs_verification","unverified","","","","https://app.apollo.io/#/organizations/5a9eaf35a6da98d95ffb3f1b","2026-10-01","Research queue — not approved for levy-funded outreach"
"Air Selangor Holdings Bhd","http://www.aisholdings.com","aisholdings.com","11–50 (Apollo filter; not independently verified)","needs_verification","unverified","","","","https://app.apollo.io/#/organizations/640af4af080715008b26824f","2026-10-01","Research queue — not approved for levy-funded outreach"
"Petroleum Energy (PEIS)","http://www.petroleum-energy.com","petroleum-energy.com","11–50 (Apollo filter; not independently verified)","needs_verification","unverified","","","","https://app.apollo.io/#/organizations/54a1361169702d407f58fb00","2026-10-01","Research queue — not approved for levy-funded outreach"
"Donovan & Ho","http://www.dnh.com.my","dnh.com.my","11–50 (Apollo filter; not independently verified)","needs_verification","unverified","","","","https://app.apollo.io/#/organizations/556d0f467369641266468600","2026-10-01","Research queue — not approved for levy-funded outreach"
"Career Horizons | Employment Agency","http://www.careerhorizons.com.my","careerhorizons.com.my","11–50 (Apollo filter; not independently verified)","needs_verification","unverified","","","","https://app.apollo.io/#/organizations/5fcaaa350b445000014b6ae6","2026-10-01","Research queue — not approved for levy-funded outreach"
"CCIFM - CCI France Malaysia","http://www.mfcci.com","mfcci.com","11–50 (Apollo filter; not independently verified)","needs_verification","unverified","","","","https://app.apollo.io/#/organizations/54a12ae169702d90a2f97202","2026-10-01","Research queue — not approved for levy-funded outreach"
"Tin City Impact","http://www.tincityimpact.com","tincityimpact.com","11–50 (Apollo filter; not independently verified)","needs_verification","unverified","","","","https://app.apollo.io/#/organizations/5ed2d805bdf3fd000154d562","2026-10-01","Research queue — not approved for levy-funded outreach"
"BrokersView","http://www.fastbull.com","fastbull.com","11–50 (Apollo filter; not independently verified)","needs_verification","unverified","","","","https://app.apollo.io/#/organizations/615ecd9a83611d00010599c0","2026-10-01","Research queue — not approved for levy-funded outreach"
"PostCo","http://www.postco.co","postco.co","11–50 (Apollo filter; not independently verified)","needs_verification","unverified","","","","https://app.apollo.io/#/organizations/5d36ab9ba3ae617ec6f87d12","2026-10-01","Research queue — not approved for levy-funded outreach"
"KLAY EnerSol Sdn Bhd","http://www.klayenersol.com","klayenersol.com","11–50 (Apollo filter; not independently verified)","needs_verification","unverified","","","","https://app.apollo.io/#/organizations/5b1514b8a6da9870fa3fe638","2026-10-01","Research queue — not approved for levy-funded outreach"
"RFY Group","http://www.rfy.my","rfy.my","11–50 (Apollo filter; not independently verified)","needs_verification","unverified","","","","https://app.apollo.io/#/organizations/5569a06173696425bca56b00","2026-10-01","Research queue — not approved for levy-funded outreach"
"IPM Professional Services","http://www.ipm.my","ipm.my","11–50 (Apollo filter; not independently verified)","needs_verification","unverified","","","","https://app.apollo.io/#/organizations/5cb78f57f651253ef3ac5db5","2026-10-01","Research queue — not approved for levy-funded outreach"
"Samadhi Retreats","http://www.samadhiretreats.com","samadhiretreats.com","11–50 (Apollo filter; not independently verified)","needs_verification","unverified","","","","https://app.apollo.io/#/organizations/54a12ae169702d8eebe69f02","2026-10-01","Research queue — not approved for levy-funded outreach"
"Entropia - Part of Accenture Song","http://www.entropia.com","entropia.com","11–50 (Apollo filter; not independently verified)","needs_verification","unverified","","","","https://app.apollo.io/#/organizations/5f8dcf2b0c5bde0114556cff","2026-10-01","Research queue — not approved for levy-funded outreach"
"CnetG Asia","http://www.cnetg.com","cnetg.com","11–50 (Apollo filter; not independently verified)","needs_verification","unverified","","","","https://app.apollo.io/#/organizations/5592381473696418f6e6d600","2026-10-01","Research queue — not approved for levy-funded outreach"
"Credit Investment Bank","http://www.cibmy.com","cibmy.com","11–50 (Apollo filter; not independently verified)","needs_verification","unverified","","","","https://app.apollo.io/#/organizations/6239b43a12657f00a521c6eb","2026-10-01","Research queue — not approved for levy-funded outreach"
"Kamini & Co (Firma Guaman)","http://www.kaminico.com","kaminico.com","11–50 (Apollo filter; not independently verified)","needs_verification","unverified","","","","https://app.apollo.io/#/organizations/61df05017fa9cc00e05005d1","2026-10-01","Research queue — not approved for levy-funded outreach"
"Sunway Money","http://www.sunwaymoney.com","sunwaymoney.com","11–50 (Apollo filter; not independently verified)","needs_verification","unverified","","","","https://app.apollo.io/#/organizations/5da639092c35960001c5a55e","2026-10-01","Research queue — not approved for levy-funded outreach"
"WISE AI","http://www.wiseai.tech","wiseai.tech","11–50 (Apollo filter; not independently verified)","needs_verification","unverified","","","","https://app.apollo.io/#/organizations/5da6f864bddb8300014039f4","2026-10-01","Research queue — not approved for levy-funded outreach"
"Talent Recruit","http://www.talentrecruit.com.my","talentrecruit.com.my","11–50 (Apollo filter; not independently verified)","needs_verification","unverified","","","","https://app.apollo.io/#/organizations/5eda9ea79224840001011300","2026-10-01","Research queue — not approved for levy-funded outreach"
"Lenog","http://www.lenog.com.my","lenog.com.my","11–50 (Apollo filter; not independently verified)","needs_verification","unverified","","","","https://app.apollo.io/#/organizations/6553442f9be9dd0001ade26f","2026-10-01","Research queue — not approved for levy-funded outreach"
"Digital Penang","http://www.digitalpenang.my","digitalpenang.my","11–50 (Apollo filter; not independently verified)","needs_verification","unverified","","","","https://app.apollo.io/#/organizations/5f46c84b3a95d6000155aad4","2026-10-01","Research queue — not approved for levy-funded outreach"
"elfo","http://www.elfo.com","elfo.com","11–50 (Apollo filter; not independently verified)","needs_verification","unverified","","","","https://app.apollo.io/#/organizations/5da40e55ea9a2b0001b46b29","2026-10-01","Research queue — not approved for levy-funded outreach"
"Xcalibur Digital","http://www.xcalibur.digital","xcalibur.digital","11–50 (Apollo filter; not independently verified)","needs_verification","unverified","","","","https://app.apollo.io/#/organizations/5e57c00d3f9e640001b63cca","2026-10-01","Research queue — not approved for levy-funded outreach"
"STREAMLINED","http://www.streamlined.com.my","streamlined.com.my","11–50 (Apollo filter; not independently verified)","needs_verification","unverified","","","","https://app.apollo.io/#/organizations/5e56bb9a52e7ad000138d9d8","2026-10-01","Research queue — not approved for levy-funded outreach"
"Mongoose Publishing","http://www.mongooseasia.com","mongooseasia.com","11–50 (Apollo filter; not independently verified)","needs_verification","unverified","","","","https://app.apollo.io/#/organizations/54a12a8269702d90a24a4502","2026-10-01","Research queue — not approved for levy-funded outreach"
"MTAI Sdn. Bhd.","http://www.mtai.com.my","mtai.com.my","11–50 (Apollo filter; not independently verified)","needs_verification","unverified","","","","https://app.apollo.io/#/organizations/67ce9038f9fa2e0011c57938","2026-10-01","Research queue — not approved for levy-funded outreach"
"Xpert Engineering Solution Sdn Bhd","http://www.xessb.com","xessb.com","11–50 (Apollo filter; not independently verified)","needs_verification","unverified","","","","https://app.apollo.io/#/organizations/5ef330939e329000be8b4349","2026-10-01","Research queue — not approved for levy-funded outreach"
"IOUpay","http://www.ioupay.com","ioupay.com","11–50 (Apollo filter; not independently verified)","needs_verification","unverified","","","","https://app.apollo.io/#/organizations/60b64aec08557e00dbea3155","2026-10-01","Research queue — not approved for levy-funded outreach"
"Bintang Capital Partners","http://www.bintangcapitalpartners.com","bintangcapitalpartners.com","11–50 (Apollo filter; not independently verified)","needs_verification","unverified","","","","https://app.apollo.io/#/organizations/5b850b8ff874f72f405b5b45","2026-10-01","Research queue — not approved for levy-funded outreach"
"Malaysian Society for Occupational Safety and Health (MSOSH)","http://www.msosh.org.my","msosh.org.my","11–50 (Apollo filter; not independently verified)","needs_verification","unverified","","","","https://app.apollo.io/#/organizations/640500ea794b2500012c93af","2026-10-01","Research queue — not approved for levy-funded outreach"
"SuperLife World International","http://www.superlifeworld.com.my","superlifeworld.com.my","11–50 (Apollo filter; not independently verified)","needs_verification","unverified","","","","https://app.apollo.io/#/organizations/5ed12f25861aab0001211641","2026-10-01","Research queue — not approved for levy-funded outreach"
"RHL Ventures","http://www.rhl.ventures","rhl.ventures","11–50 (Apollo filter; not independently verified)","needs_verification","unverified","","","","https://app.apollo.io/#/organizations/5a9cf124a6da98d93bdce197","2026-10-01","Research queue — not approved for levy-funded outreach"
"CSQ Analytics Sdn Bhd","http://www.csqanalytics.com","csqanalytics.com","11–50 (Apollo filter; not independently verified)","needs_verification","unverified","","","","https://app.apollo.io/#/organizations/5f4dbb498f243600011b4bde","2026-10-01","Research queue — not approved for levy-funded outreach"
"Yayasan PETRONAS Official","http://www.yayasanpetronas.com.my","yayasanpetronas.com.my","11–50 (Apollo filter; not independently verified)","needs_verification","unverified","","","","https://app.apollo.io/#/organizations/5e58045cfefac20001d062fd","2026-10-01","Research queue — not approved for levy-funded outreach"
"Alfameli Technical Services","http://www.alfameli.com","alfameli.com","11–50 (Apollo filter; not independently verified)","needs_verification","unverified","","","","https://app.apollo.io/#/organizations/55f4c122f3e5bb167a001d9c","2026-10-01","Research queue — not approved for levy-funded outreach"
"Demojo Communication","http://www.demojo.co","demojo.co","11–50 (Apollo filter; not independently verified)","needs_verification","unverified","","","","https://app.apollo.io/#/organizations/5e5733ad6d127c0001d1abf1","2026-10-01","Research queue — not approved for levy-funded outreach"
"Ace Resources","http://www.aceresourcesllc.com","aceresourcesllc.com","11–50 (Apollo filter; not independently verified)","needs_verification","unverified","","","","https://app.apollo.io/#/organizations/5a9db096a6da98d9852aad19","2026-10-01","Research queue — not approved for levy-funded outreach"
"Vulsan X","http://www.vulsanx.com","vulsanx.com","11–50 (Apollo filter; not independently verified)","needs_verification","unverified","","","","https://app.apollo.io/#/organizations/5e596b1d62e91d0001e89c26","2026-10-01","Research queue — not approved for levy-funded outreach"
"Fintech Association of Malaysia","http://www.fintechmalaysia.org","fintechmalaysia.org","11–50 (Apollo filter; not independently verified)","needs_verification","unverified","","","","https://app.apollo.io/#/organizations/5a9f3c12a6da98d932e8c85d","2026-10-01","Research queue — not approved for levy-funded outreach"
"Torum Technology Sdn. Bhd.","http://www.torum.com","torum.com","11–50 (Apollo filter; not independently verified)","needs_verification","unverified","","","","https://app.apollo.io/#/organizations/5e5772b49c01df00011e9828","2026-10-01","Research queue — not approved for levy-funded outreach"
"PrestoMall","http://www.prestoconnect.io","prestoconnect.io","11–50 (Apollo filter; not independently verified)","needs_verification","unverified","","","","https://app.apollo.io/#/organizations/5f437a7e8568cc000157b9d5","2026-10-01","Research queue — not approved for levy-funded outreach"
"4 Thirteen Group","http://www.4thirteen.com.my","4thirteen.com.my","11–50 (Apollo filter; not independently verified)","needs_verification","unverified","","","","https://app.apollo.io/#/organizations/57c4f432a6da986a1f18fb32","2026-10-01","Research queue — not approved for levy-funded outreach"
"Malaysian Genomics Resource Centre Berhad","http://www.mgrc.com.my","mgrc.com.my","11–50 (Apollo filter; not independently verified)","needs_verification","unverified","","","","https://app.apollo.io/#/organizations/603748bb2ab4c800fef1d2a5","2026-10-01","Research queue — not approved for levy-funded outreach"
"Delst South Asia","http://www.delstasia.com","delstasia.com","11–50 (Apollo filter; not independently verified)","needs_verification","unverified","","","","https://app.apollo.io/#/organizations/60b20997190ab50001e62747","2026-10-01","Research queue — not approved for levy-funded outreach"
"Hirehub","http://www.hirehub.com.my","hirehub.com.my","11–50 (Apollo filter; not independently verified)","needs_verification","unverified","","","","https://app.apollo.io/#/organizations/68523d497e9f42000111ec0a","2026-10-01","Research queue — not approved for levy-funded outreach"
"Chartered Institute of Islamic Finance Professionals (CIIF)","http://www.ciif-global.org","ciif-global.org","11–50 (Apollo filter; not independently verified)","needs_verification","unverified","","","","https://app.apollo.io/#/organizations/5c1dc08280f93e5d4f4201e7","2026-10-01","Research queue — not approved for levy-funded outreach"
"Virtus","http://www.virtus-ip.com","virtus-ip.com","11–50 (Apollo filter; not independently verified)","needs_verification","unverified","","","","https://app.apollo.io/#/organizations/645dbb3ce5a7ec0001614adf","2026-10-01","Research queue — not approved for levy-funded outreach"
"Nomilk2day International","http://www.nomilk2day.asia","nomilk2day.asia","11–50 (Apollo filter; not independently verified)","needs_verification","unverified","","","","https://app.apollo.io/#/organizations/62170c4e2f31190001a9d27b","2026-10-01","Research queue — not approved for levy-funded outreach"
"SynergenOG","http://www.synergenog.com","synergenog.com","11–50 (Apollo filter; not independently verified)","needs_verification","unverified","","","","https://app.apollo.io/#/organizations/5a9edeeba6da98d9356ef50c","2026-10-01","Research queue — not approved for levy-funded outreach"
"EXS Synergy","http://www.exssynergy.com","exssynergy.com","11–50 (Apollo filter; not independently verified)","needs_verification","unverified","","","","https://app.apollo.io/#/organizations/5da123ae08b1140001cbdc7e","2026-10-01","Research queue — not approved for levy-funded outreach"
"Labuan IBFC","http://www.labuanibfc.com","labuanibfc.com","11–50 (Apollo filter; not independently verified)","needs_verification","unverified","","","","https://app.apollo.io/#/organizations/54a12a2269702d8eebe64502","2026-10-01","Research queue — not approved for levy-funded outreach"
"ParagonCorp Malaysia","http://www.pharmacore-innovation.com","pharmacore-innovation.com","11–50 (Apollo filter; not independently verified)","needs_verification","unverified","","","","https://app.apollo.io/#/organizations/61ec1f473805080001587bc0","2026-10-01","Research queue — not approved for levy-funded outreach"
"ESG Malaysia","http://www.esgmalaysia.org.my","esgmalaysia.org.my","11–50 (Apollo filter; not independently verified)","needs_verification","unverified","","","","https://app.apollo.io/#/organizations/62b543d60447230001c3c8fa","2026-10-01","Research queue — not approved for levy-funded outreach"
"Malaysia International Halal Showcase (MIHAS)","http://www.mihas.com.my","mihas.com.my","11–50 (Apollo filter; not independently verified)","needs_verification","unverified","","","","https://app.apollo.io/#/organizations/5d09d223a3ae610cdd485789","2026-10-01","Research queue — not approved for levy-funded outreach"
"Climate Governance Malaysia","http://www.cgmalaysia.com","cgmalaysia.com","11–50 (Apollo filter; not independently verified)","needs_verification","unverified","","","","https://app.apollo.io/#/organizations/6049e02d0d371c0001e67808","2026-10-01","Research queue — not approved for levy-funded outreach"
"EJA Sdn Bhd","http://www.eja.my","eja.my","11–50 (Apollo filter; not independently verified)","needs_verification","unverified","","","","https://app.apollo.io/#/organizations/5e5674e94636bd0001e1d741","2026-10-01","Research queue — not approved for levy-funded outreach"
"Inns of Court Malaysia","http://www.innsofcourtmalaysia.org","innsofcourtmalaysia.org","11–50 (Apollo filter; not independently verified)","needs_verification","unverified","","","","https://app.apollo.io/#/organizations/64ab816d62fc8e000189d677","2026-10-01","Research queue — not approved for levy-funded outreach"
"ALL GASES SDN BHD","http://www.allgases.com.my","allgases.com.my","11–50 (Apollo filter; not independently verified)","needs_verification","unverified","","","","https://app.apollo.io/#/organizations/5da5666cb4ffee0001779a90","2026-10-01","Research queue — not approved for levy-funded outreach"
"ACASIA Communications Sdn Bhd","http://www.acasia.net","acasia.net","11–50 (Apollo filter; not independently verified)","needs_verification","unverified","","","","https://app.apollo.io/#/organizations/5c1db172a3ae61db597da566","2026-10-01","Research queue — not approved for levy-funded outreach"
"CT Event Asia","http://www.cteventasia.com","cteventasia.com","11–50 (Apollo filter; not independently verified)","needs_verification","unverified","","","","https://app.apollo.io/#/organizations/5ed1ec3ab647b300018372e4","2026-10-01","Research queue — not approved for levy-funded outreach"
"Halogen Capital","http://www.halogen.my","halogen.my","11–50 (Apollo filter; not independently verified)","needs_verification","unverified","","","","https://app.apollo.io/#/organizations/6421065ef7370c0001d1917c","2026-10-01","Research queue — not approved for levy-funded outreach"
"Codon Genomics Sdn Bhd","http://www.codongenomics.com","codongenomics.com","11–50 (Apollo filter; not independently verified)","needs_verification","unverified","","","","https://app.apollo.io/#/organizations/56d888a4f3e5bb017c000627","2026-10-01","Research queue — not approved for levy-funded outreach"
"Verinon Technology Solutions Sdn Bhd.","http://www.verinonglobal.com","verinonglobal.com","11–50 (Apollo filter; not independently verified)","needs_verification","unverified","","","","https://app.apollo.io/#/organizations/6392db0698a5fe0001019f91","2026-10-01","Research queue — not approved for levy-funded outreach"
"MH2U","http://www.mh2u.com.my","mh2u.com.my","11–50 (Apollo filter; not independently verified)","needs_verification","unverified","","","","https://app.apollo.io/#/organizations/5edbc76d6607db0001ab011c","2026-10-01","Research queue — not approved for levy-funded outreach"
"Career360 - Emerging Recruitment Company","http://www.career360.com.my","career360.com.my","11–50 (Apollo filter; not independently verified)","needs_verification","unverified","","","","https://app.apollo.io/#/organizations/5ed9211048a75400014ec662","2026-10-01","Research queue — not approved for levy-funded outreach"
"CAREERMASTER","http://www.careermaster.com.my","careermaster.com.my","11–50 (Apollo filter; not independently verified)","needs_verification","unverified","","","","https://app.apollo.io/#/organizations/5569a05473696425b2f96900","2026-10-01","Research queue — not approved for levy-funded outreach"
"PichaEats","http://www.pichaeats.com","pichaeats.com","11–50 (Apollo filter; not independently verified)","needs_verification","unverified","","","","https://app.apollo.io/#/organizations/5b1581a1a6da98713ccf0c87","2026-10-01","Research queue — not approved for levy-funded outreach"
"JobCart","http://www.jobcart.com","jobcart.com","11–50 (Apollo filter; not independently verified)","needs_verification","unverified","","","","https://app.apollo.io/#/organizations/5b15b243a6da98714a083f08","2026-10-01","Research queue — not approved for levy-funded outreach"
"AGOS ASIA","http://www.agosasia.com","agosasia.com","11–50 (Apollo filter; not independently verified)","needs_verification","unverified","","","","https://app.apollo.io/#/organizations/5e55aa2824ba7f00014e7df8","2026-10-01","Research queue — not approved for levy-funded outreach"
"Tech Solutions & Development","http://www.tech-sd.com","tech-sd.com","11–50 (Apollo filter; not independently verified)","needs_verification","unverified","","","","https://app.apollo.io/#/organizations/61d440c0b8b35e00f6cf630a","2026-10-01","Research queue — not approved for levy-funded outreach"
"MOPI - Malaysian Organisation of Pharmaceutical Industries","http://www.mopi.org.my","mopi.org.my","11–50 (Apollo filter; not independently verified)","needs_verification","unverified","","","","https://app.apollo.io/#/organizations/5e55e59c7eadb1000171209b","2026-10-01","Research queue — not approved for levy-funded outreach"
"Saint-Gobain Weber Malaysia","http://www.saint-gobain.my","saint-gobain.my","11–50 (Apollo filter; not independently verified)","needs_verification","unverified","","","","https://app.apollo.io/#/organizations/5e576a1888fb670001613da9","2026-10-01","Research queue — not approved for levy-funded outreach"
"PMI Malaysia","http://www.pmi.org.my","pmi.org.my","11–50 (Apollo filter; not independently verified)","needs_verification","unverified","","","","https://app.apollo.io/#/organizations/5f46f74dfe961a0001f4a614","2026-10-01","Research queue — not approved for levy-funded outreach"
"Royal Institution of Surveyors Malaysia","http://www.rism.org.my","rism.org.my","11–50 (Apollo filter; not independently verified)","needs_verification","unverified","","","","https://app.apollo.io/#/organizations/5fca08f990a1180001a865c4","2026-10-01","Research queue — not approved for levy-funded outreach"
"Malaysian Association Of Hotels","http://www.hotels.org.my","hotels.org.my","11–50 (Apollo filter; not independently verified)","needs_verification","unverified","","","","https://app.apollo.io/#/organizations/5e57d7f16c13940001e18f52","2026-10-01","Research queue — not approved for levy-funded outreach"
"NEXTG","http://www.nextg.biz","nextg.biz","11–50 (Apollo filter; not independently verified)","needs_verification","unverified","","","","https://app.apollo.io/#/organizations/5ed2f3bea94c910001b87bb4","2026-10-01","Research queue — not approved for levy-funded outreach"
"ARMADA TPCE Sdn Bhd","http://www.atpce.com","atpce.com","11–50 (Apollo filter; not independently verified)","needs_verification","unverified","","","","https://app.apollo.io/#/organizations/54a1225e69702d9d7ec4b602","2026-10-01","Research queue — not approved for levy-funded outreach"
"Hack In The Box (HITB)","http://www.hackinthebox.org","hackinthebox.org","11–50 (Apollo filter; not independently verified)","needs_verification","unverified","","","","https://app.apollo.io/#/organizations/5d3274e9f6512559c8e5e2e3","2026-10-01","Research queue — not approved for levy-funded outreach"
"Iraya Energies","http://www.irayaenergies.com","irayaenergies.com","11–50 (Apollo filter; not independently verified)","needs_verification","unverified","","","","https://app.apollo.io/#/organizations/5b872f4b324d444b644ea72b","2026-10-01","Research queue — not approved for levy-funded outreach"
"Ammobox Studios","http://www.ammoboxstudios.com","ammoboxstudios.com","11–50 (Apollo filter; not independently verified)","needs_verification","unverified","","","","https://app.apollo.io/#/organizations/5b156eada6da9870e9a07696","2026-10-01","Research queue — not approved for levy-funded outreach"
"Golden Brokers","http://www.goldenbrokers.my","goldenbrokers.my","11–50 (Apollo filter; not independently verified)","needs_verification","unverified","","","","https://app.apollo.io/#/organizations/5e57ca23f01734000185694f","2026-10-01","Research queue — not approved for levy-funded outreach"
"Rich Products Malaysia","http://www.richs.com.my","richs.com.my","11–50 (Apollo filter; not independently verified)","needs_verification","unverified","","","","https://app.apollo.io/#/organizations/5e572a6479da0e0001148c20","2026-10-01","Research queue — not approved for levy-funded outreach"
"Bad Moon Art Studio","http://www.badmoonart.com","badmoonart.com","11–50 (Apollo filter; not independently verified)","needs_verification","unverified","","","","https://app.apollo.io/#/organizations/6689a49cb7b63c00019ddef1","2026-10-01","Research queue — not approved for levy-funded outreach"
"Lim Chee Wee Partnership (LCWP)","http://www.lcwpartnership.com","lcwpartnership.com","11–50 (Apollo filter; not independently verified)","needs_verification","unverified","","","","https://app.apollo.io/#/organizations/5f3dc56540d1b30001911332","2026-10-01","Research queue — not approved for levy-funded outreach"
"Tapway","http://www.gotapway.com","gotapway.com","11–50 (Apollo filter; not independently verified)","needs_verification","unverified","","","","https://app.apollo.io/#/organizations/556cdd2b73696412268f3900","2026-10-01","Research queue — not approved for levy-funded outreach"
"Walk Again Rehab","http://www.walkagainrehab.com","walkagainrehab.com","11–50 (Apollo filter; not independently verified)","needs_verification","unverified","","","","https://app.apollo.io/#/organizations/65b76e1d531c630001822b2a","2026-10-01","Research queue — not approved for levy-funded outreach"
"Transport Events","http://www.transportevents.com","transportevents.com","11–50 (Apollo filter; not independently verified)","needs_verification","unverified","","","","https://app.apollo.io/#/organizations/5d0a5c60f651254229771640","2026-10-01","Research queue — not approved for levy-funded outreach"
"Geospatial AI Sdn Bhd","http://www.uzmageoai.com","uzmageoai.com","11–50 (Apollo filter; not independently verified)","needs_verification","unverified","","","","https://app.apollo.io/#/organizations/640e5170482c5c00016fc270","2026-10-01","Research queue — not approved for levy-funded outreach"
"UEM Lestra Berhad","http://www.uemlestra.com","uemlestra.com","11–50 (Apollo filter; not independently verified)","needs_verification","unverified","","","","https://app.apollo.io/#/organizations/67920b28d6d89801b0b41d3b","2026-10-01","Research queue — not approved for levy-funded outreach"
"Geoventure Solution Sdn Bhd","http://www.geoventuresolution.com.my","geoventuresolution.com.my","11–50 (Apollo filter; not independently verified)","needs_verification","unverified","","","","https://app.apollo.io/#/organizations/64a1a1e26f25a80001b80574","2026-10-01","Research queue — not approved for levy-funded outreach"
"Institut Kimia Malaysia (IKM)","http://www.ikm.org.my","ikm.org.my","11–50 (Apollo filter; not independently verified)","needs_verification","unverified","","","","https://app.apollo.io/#/organizations/6728b0c46893d600011d57c0","2026-10-01","Research queue — not approved for levy-funded outreach"
"Malaysia Australia Business Council (MABC)","http://www.mabc.org.my","mabc.org.my","11–50 (Apollo filter; not independently verified)","needs_verification","unverified","","","","https://app.apollo.io/#/organizations/54a1278669702dc128f84800","2026-10-01","Research queue — not approved for levy-funded outreach"
"SegWitz Sdn Bhd","http://www.segwitz.com","segwitz.com","11–50 (Apollo filter; not independently verified)","needs_verification","unverified","","","","https://app.apollo.io/#/organizations/5da96aae5093b80098473977","2026-10-01","Research queue — not approved for levy-funded outreach"
"Barakah Offshore Petroleum Bhd","http://www.barakahpetroleum.com","barakahpetroleum.com","11–50 (Apollo filter; not independently verified)","needs_verification","unverified","","","","https://app.apollo.io/#/organizations/6134bb6b6b42de0001bd9411","2026-10-01","Research queue — not approved for levy-funded outreach"
"Bukku Accounting","http://www.bukku.my","bukku.my","11–50 (Apollo filter; not independently verified)","needs_verification","unverified","","","","https://app.apollo.io/#/organizations/5da3ad8e5b99d70001f2e11b","2026-10-01","Research queue — not approved for levy-funded outreach"
"PIKOM, The National Tech Association of Malaysia","http://www.pikom.org.my","pikom.org.my","11–50 (Apollo filter; not independently verified)","needs_verification","unverified","","","","https://app.apollo.io/#/organizations/55ea644cf3e5bb58e400940f","2026-10-01","Research queue — not approved for levy-funded outreach"
"Bufori Motor Car Company (M) Sdn Bhd","http://www.bufori.com","bufori.com","11–50 (Apollo filter; not independently verified)","needs_verification","unverified","","","","https://app.apollo.io/#/organizations/54a13a3169702dac841aa500","2026-10-01","Research queue — not approved for levy-funded outreach"
"Bitlab Digital","http://www.thebitlab.co","thebitlab.co","11–50 (Apollo filter; not independently verified)","needs_verification","unverified","","","","https://app.apollo.io/#/organizations/615c28955f9152000193b481","2026-10-01","Research queue — not approved for levy-funded outreach"
"Ten Ten Studios (M) Sdn. Bhd. (202001004685)","http://www.tentenstudio.com","tentenstudio.com","11–50 (Apollo filter; not independently verified)","needs_verification","unverified","","","","https://app.apollo.io/#/organizations/62eb4cf93c3bba00011b9686","2026-10-01","Research queue — not approved for levy-funded outreach"
"Capcon","http://www.capcon.asia","capcon.asia","11–50 (Apollo filter; not independently verified)","needs_verification","unverified","","","","https://app.apollo.io/#/organizations/5c259022a3ae6174a17e04e7","2026-10-01","Research queue — not approved for levy-funded outreach"
"Agensi Pekerjaan Eternity Sdn Bhd","http://www.eternity-recruitment.com","eternity-recruitment.com","11–50 (Apollo filter; not independently verified)","needs_verification","unverified","","","","https://app.apollo.io/#/organizations/668ab0f0688b3f0001cd6d83","2026-10-01","Research queue — not approved for levy-funded outreach"
"Emnes Group Malaysia","http://www.emnes.com.my","emnes.com.my","11–50 (Apollo filter; not independently verified)","needs_verification","unverified","","","","https://app.apollo.io/#/organizations/6128597ffc5c990001385f03","2026-10-01","Research queue — not approved for levy-funded outreach"
"Asian Banking School (ABS)","http://www.asianbankingschool.com","asianbankingschool.com","11–50 (Apollo filter; not independently verified)","needs_verification","unverified","","","","https://app.apollo.io/#/organizations/5d34898080f93ec2d42b7ad2","2026-10-01","Research queue — not approved for levy-funded outreach"
"NGLTech Group","http://www.ngltech.com","ngltech.com","11–50 (Apollo filter; not independently verified)","needs_verification","unverified","","","","https://app.apollo.io/#/organizations/55f336daf3e5bb0ba500ed17","2026-10-01","Research queue — not approved for levy-funded outreach"
"Credit Bureau Malaysia","http://www.creditbureau.com.my","creditbureau.com.my","11–50 (Apollo filter; not independently verified)","needs_verification","unverified","","","","https://app.apollo.io/#/organizations/5da3d8c2efe6e50001248b5e","2026-10-01","Research queue — not approved for levy-funded outreach"
"LAUREA PEOPLE'S SIGNATURE","http://www.laureapeoplessignature.com","laureapeoplessignature.com","11–50 (Apollo filter; not independently verified)","needs_verification","unverified","","","","https://app.apollo.io/#/organizations/604aaed9dae7a10001e226dd","2026-10-01","Research queue — not approved for levy-funded outreach"
"Rêve","http://www.reve.cloud","reve.cloud","11–50 (Apollo filter; not independently verified)","needs_verification","unverified","","","","https://app.apollo.io/#/organizations/661f7c3d4b6a9506b0fef97c","2026-10-01","Research queue — not approved for levy-funded outreach"
"Dynamic Ocean Sdn Bhd","http://www.dynamic-ocean.com","dynamic-ocean.com","11–50 (Apollo filter; not independently verified)","needs_verification","unverified","","","","https://app.apollo.io/#/organizations/63b39bc6c3f2a300e1fe1a4c","2026-10-01","Research queue — not approved for levy-funded outreach"
"SW1 Solutions","http://www.sw1.solutions","sw1.solutions","11–50 (Apollo filter; not independently verified)","needs_verification","unverified","","","","https://app.apollo.io/#/organizations/54a11b5369702d9a8be82d00","2026-10-01","Research queue — not approved for levy-funded outreach"
"Mission Consultancy Services Sdn. Bhd.","http://www.mcs-global.com","mcs-global.com","11–50 (Apollo filter; not independently verified)","needs_verification","unverified","","","","https://app.apollo.io/#/organizations/5ed3564f8d38d70001eb2dae","2026-10-01","Research queue — not approved for levy-funded outreach"
"TRI OCEAN GROUP SDN BHD","http://www.triocean.com.my","triocean.com.my","11–50 (Apollo filter; not independently verified)","needs_verification","unverified","","","","https://app.apollo.io/#/organizations/63c549234eb482008b0b2406","2026-10-01","Research queue — not approved for levy-funded outreach"
"BIGIT","http://www.bigittechnology.com","bigittechnology.com","11–50 (Apollo filter; not independently verified)","needs_verification","unverified","","","","https://app.apollo.io/#/organizations/5f4896a42055fd0001d44c26","2026-10-01","Research queue — not approved for levy-funded outreach"
"Sigmaschool","http://www.sigmaschool.co/ai-software-dev?utm_source=linkedin&utm_medium=organic","sigmaschool.co","11–50 (Apollo filter; not independently verified)","needs_verification","unverified","","","","https://app.apollo.io/#/organizations/62341d9ae64d7000ddb0eff2","2026-10-01","Research queue — not approved for levy-funded outreach"
"ICREST","http://www.icrest.com.my","icrest.com.my","11–50 (Apollo filter; not independently verified)","needs_verification","unverified","","","","https://app.apollo.io/#/organizations/55f575e8f3e5bb59800018f0","2026-10-01","Research queue — not approved for levy-funded outreach"
"Speedhome.com","http://www.speedhome.com","speedhome.com","11–50 (Apollo filter; not independently verified)","needs_verification","unverified","","","","https://app.apollo.io/#/organizations/54a12ac169702dab37565602","2026-10-01","Research queue — not approved for levy-funded outreach"
"URBANMETRY","http://www.urbanmetry.com","urbanmetry.com","11–50 (Apollo filter; not independently verified)","needs_verification","unverified","","","","https://app.apollo.io/#/organizations/5d360ac080f93e29800fadc6","2026-10-01","Research queue — not approved for levy-funded outreach"
"International Psychology Centre","http://www.psychology.com.my","psychology.com.my","11–50 (Apollo filter; not independently verified)","needs_verification","unverified","","","","https://app.apollo.io/#/organizations/5eda79e619c39f0001e9c8ad","2026-10-01","Research queue — not approved for levy-funded outreach"
"Awatra Sdn. Bhd.","http://www.awatra.com","awatra.com","11–50 (Apollo filter; not independently verified)","needs_verification","unverified","","","","https://app.apollo.io/#/organizations/5592062173696418d20c2400","2026-10-01","Research queue — not approved for levy-funded outreach"
"Maser (M) Sdn Bhd","http://www.maser.com.my","maser.com.my","11–50 (Apollo filter; not independently verified)","needs_verification","unverified","","","","https://app.apollo.io/#/organizations/54a1354669702d38bb33a700","2026-10-01","Research queue — not approved for levy-funded outreach"
"Qarbotech","http://www.qarbotech.com","qarbotech.com","11–50 (Apollo filter; not independently verified)","needs_verification","unverified","","","","https://app.apollo.io/#/organizations/6162044014d5bb0001fd1c82","2026-10-01","Research queue — not approved for levy-funded outreach"
"SE Active","http://www.se-active.com","se-active.com","11–50 (Apollo filter; not independently verified)","needs_verification","unverified","","","","https://app.apollo.io/#/organizations/5e55d5cb6c942d0001ff9f4e","2026-10-01","Research queue — not approved for levy-funded outreach"
"UNITED IVORY","http://www.unitedivory.com","unitedivory.com","11–50 (Apollo filter; not independently verified)","needs_verification","unverified","","","","https://app.apollo.io/#/organizations/5f47db558e8eb300014d6b91","2026-10-01","Research queue — not approved for levy-funded outreach"
"Centrionics","http://www.centrionics.com","centrionics.com","11–50 (Apollo filter; not independently verified)","needs_verification","unverified","","","","https://app.apollo.io/#/organizations/54a1204d69702d77c22e6902","2026-10-01","Research queue — not approved for levy-funded outreach"
"ISC2 Malaysia Chapter","http://www.isc2chapter.my","isc2chapter.my","11–50 (Apollo filter; not independently verified)","needs_verification","unverified","","","","https://app.apollo.io/#/organizations/640aab856f3eff00a3b8f961","2026-10-01","Research queue — not approved for levy-funded outreach"
"GROUP TECHNICAL INSPECTION (GTI) SDN. BHD.","http://www.gtisb.com.my","gtisb.com.my","11–50 (Apollo filter; not independently verified)","needs_verification","unverified","","","","https://app.apollo.io/#/organizations/5c26839a80f93ee20d59810d","2026-10-01","Research queue — not approved for levy-funded outreach"
"MAICSA","http://www.maicsa.org.my","maicsa.org.my","11–50 (Apollo filter; not independently verified)","needs_verification","unverified","","","","https://app.apollo.io/#/organizations/5d331f34f65125e2ac0abec9","2026-10-01","Research queue — not approved for levy-funded outreach"
"School of Hospitality and Tourism Management, Sunway University","http://www.sunwayuniversity.edu.my/school-of-hospitality-tourism-management","sunwayuniversity.edu.my","11–50 (Apollo filter; not independently verified)","needs_verification","unverified","","","","https://app.apollo.io/#/organizations/5da454c703c66e0001188e73","2026-10-01","Research queue — not approved for levy-funded outreach"
"Nam Cheong","http://www.namcheong.com.my","namcheong.com.my","11–50 (Apollo filter; not independently verified)","needs_verification","unverified","","","","https://app.apollo.io/#/organizations/5f3dba59f79152000102b384","2026-10-01","Research queue — not approved for levy-funded outreach"
"Finology","http://www.finology-group.com","finology-group.com","11–50 (Apollo filter; not independently verified)","needs_verification","unverified","","","","https://app.apollo.io/#/organizations/5b875260324d4453b45df56f","2026-10-01","Research queue — not approved for levy-funded outreach"
"Agensi Pekerjaan Crest Force (M) Sdn Bhd","http://www.crestforce.net","crestforce.net","11–50 (Apollo filter; not independently verified)","needs_verification","unverified","","","","https://app.apollo.io/#/organizations/54a1297569702dc1281b6201","2026-10-01","Research queue — not approved for levy-funded outreach"
"VentureTECH","http://www.venturetech.my","venturetech.my","11–50 (Apollo filter; not independently verified)","needs_verification","unverified","","","","https://app.apollo.io/#/organizations/5b15d68ba6da987143b18b29","2026-10-01","Research queue — not approved for levy-funded outreach"
"FC-BIOS","http://www.fcbios.com.my","fcbios.com.my","11–50 (Apollo filter; not independently verified)","needs_verification","unverified","","","","https://app.apollo.io/#/organizations/5e57d3147eed1100015c20ae","2026-10-01","Research queue — not approved for levy-funded outreach"
"Gratitude Inc","http://www.gratitudejobs.com","gratitudejobs.com","11–50 (Apollo filter; not independently verified)","needs_verification","unverified","","","","https://app.apollo.io/#/organizations/60484f7c31b4020001be79d1","2026-10-01","Research queue — not approved for levy-funded outreach"
"Dyna Segmen Sdn Bhd","http://www.dyna.com.my","dyna.com.my","11–50 (Apollo filter; not independently verified)","needs_verification","unverified","","","","https://app.apollo.io/#/organizations/5f4a23b07497030001496e3d","2026-10-01","Research queue — not approved for levy-funded outreach"
"NexRoar Services Sdn Bhd","http://www.nexroar.com","nexroar.com","11–50 (Apollo filter; not independently verified)","needs_verification","unverified","","","","https://app.apollo.io/#/organizations/65c99900abeeb10001cd6280","2026-10-01","Research queue — not approved for levy-funded outreach"
"Kairous Capital","http://www.kairous.com","kairous.com","11–50 (Apollo filter; not independently verified)","needs_verification","unverified","","","","https://app.apollo.io/#/organizations/5c1dd65080f93e5d625b18e3","2026-10-01","Research queue — not approved for levy-funded outreach"
"HESPER CONSULTING","http://www.hesperconsulting.com","hesperconsulting.com","11–50 (Apollo filter; not independently verified)","needs_verification","unverified","","","","https://app.apollo.io/#/organizations/55e7dc8ef3e5bb06340004c0","2026-10-01","Research queue — not approved for levy-funded outreach"
"FLUX","http://www.driveflux.com","driveflux.com","11–50 (Apollo filter; not independently verified)","needs_verification","unverified","","","","https://app.apollo.io/#/organizations/5e56c4a02519b10001c88099","2026-10-01","Research queue — not approved for levy-funded outreach"
"Pickle Social Club","http://www.picklesocialclub.co","picklesocialclub.co","11–50 (Apollo filter; not independently verified)","needs_verification","unverified","","","","https://app.apollo.io/#/organizations/65a8d75166dc5a01c653df06","2026-10-01","Research queue — not approved for levy-funded outreach"
"Human Inc","http://www.humaninc.co","humaninc.co","11–50 (Apollo filter; not independently verified)","needs_verification","unverified","","","","https://app.apollo.io/#/organizations/55f82217f3e5bb0fa1003ac2","2026-10-01","Research queue — not approved for levy-funded outreach"
"UGEO Solutions (1396669-X)","http://www.ugeos.com","ugeos.com","11–50 (Apollo filter; not independently verified)","needs_verification","unverified","","","","https://app.apollo.io/#/organizations/6049b74340b57200014c01a9","2026-10-01","Research queue — not approved for levy-funded outreach"
"Thunderroar Studio Sdn Bhd","http://www.thunder-roar.com","thunder-roar.com","11–50 (Apollo filter; not independently verified)","needs_verification","unverified","","","","https://app.apollo.io/#/organizations/64fe769c73374c0001d0d9ca","2026-10-01","Research queue — not approved for levy-funded outreach"
"REGOMS Group of Companies","http://www.regoms.com","regoms.com","11–50 (Apollo filter; not independently verified)","needs_verification","unverified","","","","https://app.apollo.io/#/organizations/56d6e4d3f3e5bb62cb002d8c","2026-10-01","Research queue — not approved for levy-funded outreach"
"UiTM Holdings Group","http://www.uitmholdings.com","uitmholdings.com","11–50 (Apollo filter; not independently verified)","needs_verification","unverified","","","","https://app.apollo.io/#/organizations/5f468f0f00840100010e0da0","2026-10-01","Research queue — not approved for levy-funded outreach"
"The iA Group","http://www.theiagroup.com","theiagroup.com","11–50 (Apollo filter; not independently verified)","needs_verification","unverified","","","","https://app.apollo.io/#/organizations/5f445857f1f8320001f0bcf3","2026-10-01","Research queue — not approved for levy-funded outreach"
"Deemples","http://www.deemples.com","deemples.com","11–50 (Apollo filter; not independently verified)","needs_verification","unverified","","","","https://app.apollo.io/#/organizations/5b869298324d441306b48d08","2026-10-01","Research queue — not approved for levy-funded outreach"
"KDX","http://www.kdx.com.my","kdx.com.my","11–50 (Apollo filter; not independently verified)","needs_verification","unverified","","","","https://app.apollo.io/#/organizations/60b2819157272d00019208b1","2026-10-01","Research queue — not approved for levy-funded outreach"
"Strand Aerospace Malaysia Sdn Bhd","http://www.strandeng.com.my","strandeng.com.my","11–50 (Apollo filter; not independently verified)","needs_verification","unverified","","","","https://app.apollo.io/#/organizations/5e57453fe07b8000012fa92f","2026-10-01","Research queue — not approved for levy-funded outreach"
"Kuala Linggi International Port","http://www.klip.my","klip.my","11–50 (Apollo filter; not independently verified)","needs_verification","unverified","","","","https://app.apollo.io/#/organizations/5e56e934126a770001d7f2ff","2026-10-01","Research queue — not approved for levy-funded outreach"
"TechnoDex Berhad","http://www.technodex.com","technodex.com","11–50 (Apollo filter; not independently verified)","needs_verification","unverified","","","","https://app.apollo.io/#/organizations/54a13ab069702d231f953601","2026-10-01","Research queue — not approved for levy-funded outreach"
"Nazmi Zaini Chambers","http://www.nzchambers.com","nzchambers.com","11–50 (Apollo filter; not independently verified)","needs_verification","unverified","","","","https://app.apollo.io/#/organizations/60b1b2186e5bcf0001a62532","2026-10-01","Research queue — not approved for levy-funded outreach"
"PESTECH ENERGY SDN. BHD.","http://www.pestechenergy.com","pestechenergy.com","11–50 (Apollo filter; not independently verified)","needs_verification","unverified","","","","https://app.apollo.io/#/organizations/5da51d12cdc1da0001d311c7","2026-10-01","Research queue — not approved for levy-funded outreach"
"Newfields Group","http://www.newfields.com.my","newfields.com.my","11–50 (Apollo filter; not independently verified)","needs_verification","unverified","","","","https://app.apollo.io/#/organizations/5da47dd70f33d6000140328d","2026-10-01","Research queue — not approved for levy-funded outreach"
"GoCar Malaysia","http://www.gocar.my","gocar.my","11–50 (Apollo filter; not independently verified)","needs_verification","unverified","","","","https://app.apollo.io/#/organizations/56ddb60af3e5bb5bca003d76","2026-10-01","Research queue — not approved for levy-funded outreach"
"SmartCore Digital","http://www.smartcore.group","smartcore.group","11–50 (Apollo filter; not independently verified)","needs_verification","unverified","","","","https://app.apollo.io/#/organizations/5e58197d0d084800015fa16e","2026-10-01","Research queue — not approved for levy-funded outreach"
"EMCO Executives","http://www.emcoexecutives.com","emcoexecutives.com","11–50 (Apollo filter; not independently verified)","needs_verification","unverified","","","","https://app.apollo.io/#/organizations/5a9f457da6da98d954de3fde","2026-10-01","Research queue — not approved for levy-funded outreach"
"Indoleads.com","http://www.indoleads.com","indoleads.com","11–50 (Apollo filter; not independently verified)","needs_verification","unverified","","","","https://app.apollo.io/#/organizations/5c27590880f93e261f331c10","2026-10-01","Research queue — not approved for levy-funded outreach"
"Total Sports Asia","http://www.totalsportsasia.com","totalsportsasia.com","11–50 (Apollo filter; not independently verified)","needs_verification","unverified","","","","https://app.apollo.io/#/organizations/54a135f069702d449475f500","2026-10-01","Research queue — not approved for levy-funded outreach"
"Asgard","http://www.asgard.com.my","asgard.com.my","11–50 (Apollo filter; not independently verified)","needs_verification","unverified","","","","https://app.apollo.io/#/organizations/54a11df869702da4254f3401","2026-10-01","Research queue — not approved for levy-funded outreach"
"Krenovator","http://www.krenovator.io","krenovator.io","11–50 (Apollo filter; not independently verified)","needs_verification","unverified","","","","https://app.apollo.io/#/organizations/5da6def0cd17be000198fb56","2026-10-01","Research queue — not approved for levy-funded outreach"
"The Wave Clinic. Luxury Residential Programs for Teenagers and Young Adults","http://www.thewaveclinic.com","thewaveclinic.com","11–50 (Apollo filter; not independently verified)","needs_verification","unverified","","","","https://app.apollo.io/#/organizations/5d4995680bbea50b29e5508e","2026-10-01","Research queue — not approved for levy-funded outreach"
"KarbonMRO","http://www.karbon.aero","karbon.aero","11–50 (Apollo filter; not independently verified)","needs_verification","unverified","","","","https://app.apollo.io/#/organizations/6420752381e92600016f6db6","2026-10-01","Research queue — not approved for levy-funded outreach"
"Malaysian Society for Quality in Health - MSQH®","http://www.msqh.com.my","msqh.com.my","11–50 (Apollo filter; not independently verified)","needs_verification","unverified","","","","https://app.apollo.io/#/organizations/6048787d99c0dd00013dbd50","2026-10-01","Research queue — not approved for levy-funded outreach"
"North Consult Engineering (NCE Group of Companies)","http://www.northconsultengineering.com","northconsultengineering.com","11–50 (Apollo filter; not independently verified)","needs_verification","unverified","","","","https://app.apollo.io/#/organizations/5f4894e83a0f930001b4e531","2026-10-01","Research queue — not approved for levy-funded outreach"
"Brodie Oil & Gas Sdn Bhd","http://www.bog.com.my","bog.com.my","11–50 (Apollo filter; not independently verified)","needs_verification","unverified","","","","https://app.apollo.io/#/organizations/5a9e58e8a6da98d93ee0e94f","2026-10-01","Research queue — not approved for levy-funded outreach"
"SKYPARK (FBO)","http://www.skyparkaviationgroup.com","skyparkaviationgroup.com","11–50 (Apollo filter; not independently verified)","needs_verification","unverified","","","","https://app.apollo.io/#/organizations/69e3000d72d25c00018dc4f2","2026-10-01","Research queue — not approved for levy-funded outreach"
"Bintara Solutions Sdn Bhd","http://www.bintara.com.my","bintara.com.my","11–50 (Apollo filter; not independently verified)","needs_verification","unverified","","","","https://app.apollo.io/#/organizations/556d53967369641276d8dd00","2026-10-01","Research queue — not approved for levy-funded outreach"
"Malaysian Dutch Business Council (MDBC)","http://www.mdbc.com.my","mdbc.com.my","11–50 (Apollo filter; not independently verified)","needs_verification","unverified","","","","https://app.apollo.io/#/organizations/54a12b1169702d9ebc944502","2026-10-01","Research queue — not approved for levy-funded outreach"
"IMPRESSIVE LOGGING SERVICES SDN. BHD.","http://www.impressivegroup.com","impressivegroup.com","11–50 (Apollo filter; not independently verified)","needs_verification","unverified","","","","https://app.apollo.io/#/organizations/5f45cac0773f77008cb58b51","2026-10-01","Research queue — not approved for levy-funded outreach"
"Thousands Of Years Media Sdn Bhd","http://www.thousandsofyearsmedia.com","thousandsofyearsmedia.com","11–50 (Apollo filter; not independently verified)","needs_verification","unverified","","","","https://app.apollo.io/#/organizations/693139c0af2280000d8d0c79","2026-10-01","Research queue — not approved for levy-funded outreach"
"ESG Association of Malaysia","http://www.esgmalaysia.org","esgmalaysia.org","11–50 (Apollo filter; not independently verified)","needs_verification","unverified","","","","https://app.apollo.io/#/organizations/6416273d424b150001c9addc","2026-10-01","Research queue — not approved for levy-funded outreach"
"Richelieu International","http://www.richelieu-international.com","richelieu-international.com","11–50 (Apollo filter; not independently verified)","needs_verification","unverified","","","","https://app.apollo.io/#/organizations/5a9d96dfa6da98d9663f8bdd","2026-10-01","Research queue — not approved for levy-funded outreach"
"Onyx Engineering Sdn Bhd","http://www.onyxkl.com","onyxkl.com","11–50 (Apollo filter; not independently verified)","needs_verification","unverified","","","","https://app.apollo.io/#/organizations/5b130efea6da98dd13838a65","2026-10-01","Research queue — not approved for levy-funded outreach"
"GenieSign","http://www.geniesign.io","geniesign.io","11–50 (Apollo filter; not independently verified)","needs_verification","unverified","","","","https://app.apollo.io/#/organizations/613420d7d6084f00011c5395","2026-10-01","Research queue — not approved for levy-funded outreach"
"EDUK8U®","http://www.eduk8u.com","eduk8u.com","11–50 (Apollo filter; not independently verified)","needs_verification","unverified","","","","https://app.apollo.io/#/organizations/5e5744135eee450001986dac","2026-10-01","Research queue — not approved for levy-funded outreach"
"FURUTEC Busduct System","http://www.furutec.com.my","furutec.com.my","11–50 (Apollo filter; not independently verified)","needs_verification","unverified","","","","https://app.apollo.io/#/organizations/556d32d8736964124ff7b000","2026-10-01","Research queue — not approved for levy-funded outreach"
"KAEFER in APAC","http://www.kaefer-apac.com","kaefer-apac.com","11–50 (Apollo filter; not independently verified)","needs_verification","unverified","","","","https://app.apollo.io/#/organizations/5e55e6b3cbdf4b00010a6d53","2026-10-01","Research queue — not approved for levy-funded outreach"
"Integrated Process Solutions Sdn Bhd","http://www.ipsmalaysia.com","ipsmalaysia.com","11–50 (Apollo filter; not independently verified)","needs_verification","unverified","","","","https://app.apollo.io/#/organizations/556d944c736964126c774a01","2026-10-01","Research queue — not approved for levy-funded outreach"
"Symphony Digest","http://www.symphonydigest.com","symphonydigest.com","11–50 (Apollo filter; not independently verified)","needs_verification","unverified","","","","https://app.apollo.io/#/organizations/5d33c17e80f93e231728c8dc","2026-10-01","Research queue — not approved for levy-funded outreach"
"Johor Talent Development Council (JTDC)","http://www.jtdc.com.my","jtdc.com.my","11–50 (Apollo filter; not independently verified)","needs_verification","unverified","","","","https://app.apollo.io/#/organizations/67d8e66d679de50001360448","2026-10-01","Research queue — not approved for levy-funded outreach"
"Adl Advisory","http://www.adladvisory.co","adladvisory.co","11–50 (Apollo filter; not independently verified)","needs_verification","unverified","","","","https://app.apollo.io/#/organizations/61eb8eb2f21f5000015fd4a6","2026-10-01","Research queue — not approved for levy-funded outreach"
"TNB Renewables","http://www.tnbrenewables.com","tnbrenewables.com","11–50 (Apollo filter; not independently verified)","needs_verification","unverified","","","","https://app.apollo.io/#/organizations/63bfae72bad0590001256ea9","2026-10-01","Research queue — not approved for levy-funded outreach"
"Worldwide Corrosion Services SDN BHD","http://www.worldwidecorrosion.com","worldwidecorrosion.com","11–50 (Apollo filter; not independently verified)","needs_verification","unverified","","","","https://app.apollo.io/#/organizations/61617857c5680b0001828020","2026-10-01","Research queue — not approved for levy-funded outreach"
"Monash Malaysia School of Engineering","http://www.monash.edu.my/engineering","monash.edu.my","11–50 (Apollo filter; not independently verified)","needs_verification","unverified","","","","https://app.apollo.io/#/organizations/649fc6c75e1b2100012fb7f9","2026-10-01","Research queue — not approved for levy-funded outreach"
"LSBF Malaysia Campus (London School of Business & Finance)","http://www.lsbf.edu.my","lsbf.edu.my","11–50 (Apollo filter; not independently verified)","needs_verification","unverified","","","","https://app.apollo.io/#/organizations/66fa87ba5a028801b3b53497","2026-10-01","Research queue — not approved for levy-funded outreach"
"PETRONAS Shop","http://www.petronastwintowers.com","petronastwintowers.com","11–50 (Apollo filter; not independently verified)","needs_verification","unverified","","","","https://app.apollo.io/#/organizations/6188faa571c68500da0a2f0d","2026-10-01","Research queue — not approved for levy-funded outreach"
"Rooftop Energy","http://www.rooftop.my","rooftop.my","11–50 (Apollo filter; not independently verified)","needs_verification","unverified","","","","https://app.apollo.io/#/organizations/679a170d12b0a302d0018a41","2026-10-01","Research queue — not approved for levy-funded outreach"
"Vertis Technologies","http://www.vertistechnologies.com","vertistechnologies.com","11–50 (Apollo filter; not independently verified)","needs_verification","unverified","","","","https://app.apollo.io/#/organizations/61eb8789f21f5000015fbef7","2026-10-01","Research queue — not approved for levy-funded outreach"
"Appvalley Technology","http://www.appvalley.my","appvalley.my","11–50 (Apollo filter; not independently verified)","needs_verification","unverified","","","","https://app.apollo.io/#/organizations/672c8c6a9d3b5000012edd99","2026-10-01","Research queue — not approved for levy-funded outreach"
"Digital Omnis Consulting","http://www.digital-omnis.com","digital-omnis.com","11–50 (Apollo filter; not independently verified)","needs_verification","unverified","","","","https://app.apollo.io/#/organizations/63bd228d68e4f2008be2fbc5","2026-10-01","Research queue — not approved for levy-funded outreach"
"Silver Ant Sdn Bhd","http://www.silver-ant.com","silver-ant.com","11–50 (Apollo filter; not independently verified)","needs_verification","unverified","","","","https://app.apollo.io/#/organizations/556dedcf73696410ab690b00","2026-10-01","Research queue — not approved for levy-funded outreach"
"Encore Med Sdn Bhd","http://www.encoremed.io","encoremed.io","11–50 (Apollo filter; not independently verified)","needs_verification","unverified","","","","https://app.apollo.io/#/organizations/5e5732367c9b6500014c6ef0","2026-10-01","Research queue — not approved for levy-funded outreach"
"Malaysian International Chamber of Commerce & Industry (MICCI)","http://www.micci.com","micci.com","11–50 (Apollo filter; not independently verified)","needs_verification","unverified","","","","https://app.apollo.io/#/organizations/5e5724f4b0bc1c0001142b71","2026-10-01","Research queue — not approved for levy-funded outreach"
"Merdeka118","http://www.merdeka118.com","merdeka118.com","11–50 (Apollo filter; not independently verified)","needs_verification","unverified","","","","https://app.apollo.io/#/organizations/5f462fcd49ccd900017b5afb","2026-10-01","Research queue — not approved for levy-funded outreach"
"Malaysia Global Business Forum","http://www.malaysiaglobalbusinessforum.com","malaysiaglobalbusinessforum.com","11–50 (Apollo filter; not independently verified)","needs_verification","unverified","","","","https://app.apollo.io/#/organizations/5da2fa853fb09700016e9b10","2026-10-01","Research queue — not approved for levy-funded outreach"
"pitchIN","http://www.pitchin.my","pitchin.my","11–50 (Apollo filter; not independently verified)","needs_verification","unverified","","","","https://app.apollo.io/#/organizations/5f4a203bb4512600010e8c39","2026-10-01","Research queue — not approved for levy-funded outreach"
"CIMed Healthcare Sdn Bhd","http://www.cimedhealthcare.com.my","cimedhealthcare.com.my","11–50 (Apollo filter; not independently verified)","needs_verification","unverified","","","","https://app.apollo.io/#/organizations/5a9e261ba6da98d9356a44fa","2026-10-01","Research queue — not approved for levy-funded outreach"
"SAYS.com","http://www.says.com","says.com","11–50 (Apollo filter; not independently verified)","needs_verification","unverified","","","","https://app.apollo.io/#/organizations/556d7ef7736964122af12901","2026-10-01","Research queue — not approved for levy-funded outreach"
"Geolantic","http://www.geolantic.com","geolantic.com","11–50 (Apollo filter; not independently verified)","needs_verification","unverified","","","","https://app.apollo.io/#/organizations/5b872029f874f72c40229d22","2026-10-01","Research queue — not approved for levy-funded outreach"
"Malacca Matriculation College","http://www.mylink.la","mylink.la","11–50 (Apollo filter; not independently verified)","needs_verification","unverified","","","","https://app.apollo.io/#/organizations/6665c917021b2d0001d57d1d","2026-10-01","Research queue — not approved for levy-funded outreach"
"Axiata Young Talent Programme","http://www.axiatayoungtalentprogramme.com","axiatayoungtalentprogramme.com","11–50 (Apollo filter; not independently verified)","needs_verification","unverified","","","","https://app.apollo.io/#/organizations/5d6f8770e0247200d7c21b73","2026-10-01","Research queue — not approved for levy-funded outreach"
"3novex Global","http://www.3novex.com","3novex.com","11–50 (Apollo filter; not independently verified)","needs_verification","unverified","","","","https://app.apollo.io/#/organizations/5f4877d05abd67000176d1d5","2026-10-01","Research queue — not approved for levy-funded outreach"
"Axiata Cyber Fusion Center","http://www.axiatacfc.com","axiatacfc.com","11–50 (Apollo filter; not independently verified)","needs_verification","unverified","","","","https://app.apollo.io/#/organizations/66e572eb0d746a0001a44151","2026-10-01","Research queue — not approved for levy-funded outreach"
"Kabel","http://www.kabel.my","kabel.my","11–50 (Apollo filter; not independently verified)","needs_verification","unverified","","","","https://app.apollo.io/#/organizations/604a1b8d09f56900010158a6","2026-10-01","Research queue — not approved for levy-funded outreach"
"Synergy XYZ","http://www.synergyxyz.com","synergyxyz.com","11–50 (Apollo filter; not independently verified)","needs_verification","unverified","","","","https://app.apollo.io/#/organizations/5da4745bddc6320001d039ce","2026-10-01","Research queue — not approved for levy-funded outreach"
"Daiki Media | SEO Malaysia & Digital Marketing Agency","http://www.daikimedia.com","daikimedia.com","11–50 (Apollo filter; not independently verified)","needs_verification","unverified","","","","https://app.apollo.io/#/organizations/5e5814a05c00fd0001773534","2026-10-01","Research queue — not approved for levy-funded outreach"
"Malaysia Forest Fund","http://www.myforestfund.com.my","myforestfund.com.my","11–50 (Apollo filter; not independently verified)","needs_verification","unverified","","","","https://app.apollo.io/#/organizations/6471a249d8d8ab00010d0340","2026-10-01","Research queue — not approved for levy-funded outreach"
"Richard Wee Chambers (a member of Grandall Law Firm)","http://www.richardweechambers.com","richardweechambers.com","11–50 (Apollo filter; not independently verified)","needs_verification","unverified","","","","https://app.apollo.io/#/organizations/5e5643c602052000014d9120","2026-10-01","Research queue — not approved for levy-funded outreach"
"DOC2US","http://www.doc2us.com","doc2us.com","11–50 (Apollo filter; not independently verified)","needs_verification","unverified","","","","https://app.apollo.io/#/organizations/5a9f677ba6da98d970188ca4","2026-10-01","Research queue — not approved for levy-funded outreach"
"HCR Malaysia","http://www.hcrmalaysia.com","hcrmalaysia.com","11–50 (Apollo filter; not independently verified)","needs_verification","unverified","","","","https://app.apollo.io/#/organizations/5df04ff0ef3053008dfe74c9","2026-10-01","Research queue — not approved for levy-funded outreach"
"Mode Fair Sdn Bhd","http://www.modefair.com","modefair.com","11–50 (Apollo filter; not independently verified)","needs_verification","unverified","","","","https://app.apollo.io/#/organizations/57c4b618a6da983672b7cce8","2026-10-01","Research queue — not approved for levy-funded outreach"
"VIRIDIS Engineering","http://www.viridis-engineering.com","viridis-engineering.com","11–50 (Apollo filter; not independently verified)","needs_verification","unverified","","","","https://app.apollo.io/#/organizations/5d0986d3f65125ab372309e3","2026-10-01","Research queue — not approved for levy-funded outreach"
"ATTSPACE X BLACKSMITH","http://www.attspace.com","attspace.com","11–50 (Apollo filter; not independently verified)","needs_verification","unverified","","","","https://app.apollo.io/#/organizations/57c4b5c5a6da98366646b035","2026-10-01","Research queue — not approved for levy-funded outreach"
"OneCredit","http://www.onecredit.my","onecredit.my","11–50 (Apollo filter; not independently verified)","needs_verification","unverified","","","","https://app.apollo.io/#/organizations/67ca97ecbc709500213c8243","2026-10-01","Research queue — not approved for levy-funded outreach"
"RMJ Consulting","http://www.rmjconsulting.com.my","rmjconsulting.com.my","11–50 (Apollo filter; not independently verified)","needs_verification","unverified","","","","https://app.apollo.io/#/organizations/5e57902942a70300013851f1","2026-10-01","Research queue — not approved for levy-funded outreach"
"Tay & Partners","http://www.taypartners.com.my","taypartners.com.my","11–50 (Apollo filter; not independently verified)","needs_verification","unverified","","","","https://app.apollo.io/#/organizations/54a1346b69702d48e2e50900","2026-10-01","Research queue — not approved for levy-funded outreach"
"Nadi Tech","http://www.naditech.world","naditech.world","11–50 (Apollo filter; not independently verified)","needs_verification","unverified","","","","https://app.apollo.io/#/organizations/6a661bb5b8d89e00018c0471","2026-10-01","Research queue — not approved for levy-funded outreach"
"Metier Food","http://www.metierfood.com","metierfood.com","11–50 (Apollo filter; not independently verified)","needs_verification","unverified","","","","https://app.apollo.io/#/organizations/624bd5e884b75600dceb40c7","2026-10-01","Research queue — not approved for levy-funded outreach"
"Maps & Globe Specialist","http://www.mapsglobe.com","mapsglobe.com","11–50 (Apollo filter; not independently verified)","needs_verification","unverified","","","","https://app.apollo.io/#/organizations/5f44892119d5550001a63fca","2026-10-01","Research queue — not approved for levy-funded outreach"
"MindHive | AI Workforce Automation, AI Forecasting and AI Chatbots","http://www.mindhive.asia","mindhive.asia","11–50 (Apollo filter; not independently verified)","needs_verification","unverified","","","","https://app.apollo.io/#/organizations/64ec03db67c35000cae324f8","2026-10-01","Research queue — not approved for levy-funded outreach"
"Emperikal","http://www.emperikal.com","emperikal.com","11–50 (Apollo filter; not independently verified)","needs_verification","unverified","","","","https://app.apollo.io/#/organizations/5f4866ce3f43a20001d264ec","2026-10-01","Research queue — not approved for levy-funded outreach"
"ENRA Group Berhad","http://www.enra.my","enra.my","11–50 (Apollo filter; not independently verified)","needs_verification","unverified","","","","https://app.apollo.io/#/organizations/5da47499407bc70001cf9ee7","2026-10-01","Research queue — not approved for levy-funded outreach"
"Suria Infiniti Sdn Bhd","http://www.suriainfiniti.com","suriainfiniti.com","11–50 (Apollo filter; not independently verified)","needs_verification","unverified","","","","https://app.apollo.io/#/organizations/54a1340869702d333dcd1000","2026-10-01","Research queue — not approved for levy-funded outreach"
"IILM - International Islamic Liquidity Management","http://www.iilm.com","iilm.com","11–50 (Apollo filter; not independently verified)","needs_verification","unverified","","","","https://app.apollo.io/#/organizations/5fc87b2854a9a6000174c59b","2026-10-01","Research queue — not approved for levy-funded outreach"
"TRADE VENTURES","http://www.tradeventures.com","tradeventures.com","11–50 (Apollo filter; not independently verified)","needs_verification","unverified","","","","https://app.apollo.io/#/organizations/683b28f5c7dab80001dfea82","2026-10-01","Research queue — not approved for levy-funded outreach"
"CULT CREATIVE","http://www.cultcreativeasia.com","cultcreativeasia.com","11–50 (Apollo filter; not independently verified)","needs_verification","unverified","","","","https://app.apollo.io/#/organizations/5f48e2a2e3cb340001514e6d","2026-10-01","Research queue — not approved for levy-funded outreach"
"Ethereal Digital","http://www.etrdigital.com","etrdigital.com","11–50 (Apollo filter; not independently verified)","needs_verification","unverified","","","","https://app.apollo.io/#/organizations/604a89b79f2cdd000162696a","2026-10-01","Research queue — not approved for levy-funded outreach"
"APU Career Centre","http://www.apiit.edu.my","apiit.edu.my","11–50 (Apollo filter; not independently verified)","needs_verification","unverified","","","","https://app.apollo.io/#/organizations/64056de5949e9b000116b4fc","2026-10-01","Research queue — not approved for levy-funded outreach"
"Tredwell","http://www.tredwell.com.my","tredwell.com.my","11–50 (Apollo filter; not independently verified)","needs_verification","unverified","","","","https://app.apollo.io/#/organizations/6161370313ba840001ab12fc","2026-10-01","Research queue — not approved for levy-funded outreach"
"Xeraya Capital","http://www.xeraya.com","xeraya.com","11–50 (Apollo filter; not independently verified)","needs_verification","unverified","","","","https://app.apollo.io/#/organizations/5b857a98324d443de8edf600","2026-10-01","Research queue — not approved for levy-funded outreach"
"IPETRO","http://www.ipetro.com.my","ipetro.com.my","11–50 (Apollo filter; not independently verified)","needs_verification","unverified","","","","https://app.apollo.io/#/organizations/5cb48ab5f65125d30971896c","2026-10-01","Research queue — not approved for levy-funded outreach"
"Perpilion (Malaysia) Sdn Bhd","http://www.perpilion.com.my","perpilion.com.my","11–50 (Apollo filter; not independently verified)","needs_verification","unverified","","","","https://app.apollo.io/#/organizations/5b84baeff874f778210193fd","2026-10-01","Research queue — not approved for levy-funded outreach"
"BRIGHTRAY","http://www.brightraydc.com","brightraydc.com","11–50 (Apollo filter; not independently verified)","needs_verification","unverified","","","","https://app.apollo.io/#/organizations/6742681221e4030001efbec4","2026-10-01","Research queue — not approved for levy-funded outreach"
"Rams Solutions Sdn Bhd","http://www.ramssol.com","ramssol.com","11–50 (Apollo filter; not independently verified)","needs_verification","unverified","","","","https://app.apollo.io/#/organizations/5f16eeb736c1ae00dae017d5","2026-10-01","Research queue — not approved for levy-funded outreach"
"Digital Durian","http://www.digitaldurian.tv","digitaldurian.tv","11–50 (Apollo filter; not independently verified)","needs_verification","unverified","","","","https://app.apollo.io/#/organizations/5b837f9a324d446c157cba62","2026-10-01","Research queue — not approved for levy-funded outreach"
"ARRK Asia","http://asia.arrk.com","asia.arrk.com","11–50 (Apollo filter; not independently verified)","needs_verification","unverified","","","","https://app.apollo.io/#/organizations/5da4fdb1f5d5bf00012d21f2","2026-10-01","Research queue — not approved for levy-funded outreach"
